1,5,"[3, 3, 3]",5,5,0.7883260570103616,0.06270449811410282,0.800733058989091,0.1,"[0.93190481 0.28497477 0.45002308 0.867309   0.2581317  0.53780363
 0.24409237 0.90184794 0.91889087]","[[0.00789833 0.00550032]
 [0.00798298 0.00842797]
 [0.00231681 0.00895837]
 [0.0045184  0.0069355 ]
 [0.0006239  0.00769234]
 [0.00909076 0.00339504]
 [0.00377851 0.00636413]
 [0.00716602 0.00823993]
 [0.00695731 0.00850365]]",726.7374181747437,0.6610518859316993,16.11900988061259,10.838449882377038,8.137128650868869,0.9612386750322501,117.47199585279881,9.932752092781477,365,1
1,5,"[3, 3, 3]",5,5,0.8021215524972245,0.07379686943356113,0.7850950469207303,0.1,"[0.20871947 0.84073063 0.35209419 0.5109408  0.20001086 0.55302989
 0.93950011 0.63930982 0.12291066]","[[0.00408508 0.00610147]
 [0.00777956 0.0004965 ]
 [0.00716432 0.00511332]
 [0.00245923 0.0008767 ]
 [0.00391956 0.00769275]
 [0.0033015  0.00821829]
 [0.00381646 0.00390342]
 [0.00254178 0.00506786]
 [0.00663326 0.00622428]]",568.9626121520996,0.6497907938153908,15.709479733072662,10.687626591741923,7.9985117627700815,0.9622117075232726,114.22536216450906,9.73876922251626,365,1
1,5,"[3, 3, 3]",5,5,0.7517497324552631,0.06471800464393088,0.7359124804526544,0.1,"[0.85131901 0.86623775 0.17784849 0.6381076  0.37269303 0.18168134
 0.22549197 0.71802748 0.09316256]","[[0.00550599 0.00066986]
 [0.00405722 0.00180256]
 [0.00223279 0.00244116]
 [0.00498502 0.00011635]
 [0.0084401  0.00377972]
 [0.00540878 0.00800832]
 [0.00332801 0.00363371]
 [0.00534802 0.00802818]
 [0.00580319 0.00998088]]",1683.4252593517303,0.653133173668941,15.670648675957885,10.801632857971386,8.039654334854385,0.9556298518032358,116.6752723984071,9.12868046131176,365,1
1,5,"[3, 3, 3]",5,5,0.8211809374475164,0.13757088648873658,0.7345859832610566,0.1,"[0.34774078 0.25173148 0.94618248 0.09116138 0.42503591 0.97926835
 0.52866253 0.96556539 0.18180547]","[[0.00309878 0.00147801]
 [0.00569582 0.00899224]
 [0.00384911 0.00461526]
 [0.00362586 0.00173434]
 [0.00602797 0.00887544]
 [0.00468459 0.00856282]
 [0.0044232  0.00503487]
 [0.00466128 0.0076337 ]
 [0.00146423 0.00118543]]",1227.7664766311646,0.6195932246088707,14.996142074492841,10.051694540416287,7.626798874861674,0.9643937851198351,101.0365631338346,9.112225829386675,365,1
1,5,"[3, 3, 3]",5,5,0.8581353283690213,0.04206291640634843,0.8098370697562506,0.1,"[0.96475937 0.08957682 0.00352864 0.96153134 0.18987713 0.39901359
 0.65331282 0.13679537 0.26439745]","[[0.00456786 0.00011652]
 [0.00774896 0.00785983]
 [0.00313294 0.0016401 ]
 [0.00901691 0.00227003]
 [0.00052954 0.00599997]
 [0.00333548 0.00311685]
 [0.00578493 0.00983951]
 [0.00762315 0.008833  ]
 [0.00350657 0.00964047]]",2217.4732196331024,0.8248443599373833,19.448896020762422,13.672305389914301,10.153309924067827,0.9202839389887495,186.93193467507965,10.04568346358609,365,1
1,5,"[3, 3, 3]",5,5,0.8065669436431392,0.06058651102886766,0.8203561265464792,0.1,"[0.34551208 0.60701477 0.15485947 0.00728807 0.52182751 0.64516452
 0.63531372 0.83600717 0.56429036]","[[0.00939264 0.00186467]
 [0.00734632 0.00523731]
 [0.00838604 0.00013369]
 [0.00145565 0.00349591]
 [0.00839189 0.00413946]
 [0.00578294 0.00524743]
 [0.00381452 0.00544932]
 [0.00591884 0.0066115 ]
 [0.00833297 0.00911249]]",725.4285018444061,0.7020398192520185,18.217926243572936,11.46823348329018,8.641664064288948,0.9589312231238715,131.52037922725805,10.17616787680507,365,1
1,5,"[3, 3, 3]",5,5,0.7857046547195647,0.05261251627758521,0.7928252077435015,0.1,"[0.29752535 0.05219015 0.93242971 0.54720536 0.09048918 0.92188185
 0.91619203 0.23561611 0.77671834]","[[0.00714787 0.0086003 ]
 [0.00731981 0.00873865]
 [0.00035392 0.00745976]
 [0.00941326 0.00924681]
 [0.00457031 0.00195327]
 [0.00349299 0.00738031]
 [0.00571473 0.00418895]
 [0.0022114  0.00780233]
 [0.00230463 0.00658738]]",653.8793954849243,0.6470461857782267,15.801560644593964,10.641690454320951,7.964727381891814,0.9626955111600134,113.24557572558567,9.83465857069286,365,1
1,5,"[3, 3, 3]",5,5,0.761853499022546,0.06345679058462123,0.6842261121602138,0.1,"[0.05799926 0.69671669 0.14889093 0.55250844 0.13805491 0.94943679
 0.75669451 0.80434462 0.72045533]","[[0.00744547 0.00393741]
 [0.00380574 0.0042822 ]
 [0.00212657 0.00462255]
 [0.00460224 0.00591936]
 [0.00778995 0.00490716]
 [0.00058743 0.00128785]
 [0.00338406 0.00513421]
 [0.00455884 0.00248902]
 [0.00384237 0.00878723]]",1967.863558769226,0.7000339013222369,16.83929887109622,11.171801852758477,8.616972489232456,0.9533474268384431,124.80915663729776,8.487533106320377,365,1
1,5,"[3, 3, 3]",5,5,0.7998511845596579,0.06703306652940863,0.8037360077885054,0.1,"[0.22420089 0.72503679 0.96268476 0.67093782 0.30713562 0.11825305
 0.75640004 0.15409108 0.60744458]","[[0.00483176 0.00467544]
 [0.00149467 0.00642933]
 [0.0032976  0.00052114]
 [0.00622031 0.00446058]
 [0.00307515 0.00221344]
 [0.00128623 0.00762819]
 [0.00397732 0.0021127 ]
 [0.00233937 0.00984851]
 [0.00739943 0.00477621]]",616.3210713863373,0.6463563772078089,15.539463405412961,10.688295579392596,7.956236276728337,0.9616055635153631,114.2396623924633,9.97000239191307,365,1
1,5,"[3, 3, 3]",5,5,0.776751160905316,0.056388882161901084,0.7034966232375252,0.1,"[0.80803198 0.8787804  0.04376824 0.61451787 0.99012323 0.51528546
 0.69084365 0.64301412 0.19148325]","[[0.00970874 0.00835779]
 [0.00802826 0.00905159]
 [0.00012805 0.00280425]
 [0.00145774 0.00824434]
 [0.00528157 0.00169907]
 [0.00547212 0.00411108]
 [0.00099308 0.00073268]
 [0.00107449 0.00042134]
 [0.00546813 0.00098231]]",1490.0868601799011,0.7259908005228494,17.289325259069884,11.687599368307781,8.936485424098876,0.9482393318017337,136.59997899406846,8.726575577570138,365,1
1,5,"[3, 3, 3]",5,5,0.7962250098302535,0.07295831213394086,0.734826376915299,0.1,"[0.71165162 0.61056281 0.40147147 0.61112592 0.55998436 0.21696332
 0.36383505 0.67581899 0.15857576]","[[4.04020385e-03 8.26245476e-03]
 [5.73560898e-04 2.82398656e-03]
 [3.10806161e-03 1.69297349e-03]
 [1.19017663e-03 5.18860717e-03]
 [7.03066736e-03 9.68530383e-03]
 [7.74593917e-03 9.51753225e-03]
 [8.65374993e-03 6.07633168e-03]
 [8.42689685e-05 1.29692594e-03]
 [8.83853216e-03 8.79228168e-03]]",706.320166349411,0.6015877957686819,14.78140251674047,9.898837604450883,7.40516348737589,0.9666293501652083,97.98698591929089,9.11520781014226,365,1
1,5,"[3, 3, 3]",5,5,0.8016954743814084,0.0671305334286575,0.7797008136909764,0.1,"[0.66444582 0.86003722 0.17546096 0.50138911 0.05557269 0.8739218
 0.42472751 0.17686392 0.88647771]","[[6.28987096e-03 1.15726689e-03]
 [1.28026777e-03 2.04671867e-03]
 [8.97133112e-05 5.32211225e-03]
 [6.18622567e-03 6.76336347e-03]
 [5.39953862e-03 9.91312297e-03]
 [5.36062412e-03 8.41648121e-03]
 [1.70639466e-03 9.04757295e-03]
 [7.46992722e-03 4.76552906e-03]
 [8.90342365e-03 3.19663619e-04]]",562.5856747627258,0.644978898611048,16.210542723170956,10.623147481686601,7.939280390520003,0.9630137063516047,112.85126241766436,9.671856059883218,365,1
1,5,"[3, 3, 3]",5,5,0.7819408291969958,0.0625898011869789,0.6893249114269557,0.1,"[0.41148684 0.31583341 0.06447417 0.80572844 0.7774949  0.06946402
 0.0198477  0.77576744 0.41673836]","[[0.0087249  0.00617404]
 [0.00725647 0.00641771]
 [0.00238165 0.0031557 ]
 [0.00680774 0.00085862]
 [0.00568039 0.00625117]
 [0.00041761 0.00863363]
 [0.00311007 0.00538792]
 [0.009135   0.00965632]
 [0.00871322 0.00115204]]",2519.5170843601227,0.7318435931519036,17.37469688840323,11.75108418145587,9.008529582209624,0.9467073309371704,138.08797943966238,8.55078153664164,365,1
1,5,"[3, 3, 3]",5,5,0.7877566367031427,0.05655044940232856,0.737079700819519,0.1,"[0.86575117 0.02052986 0.26934102 0.13604068 0.91452339 0.79943842
 0.51428662 0.52381725 0.36809929]","[[0.00631767 0.00949649]
 [0.00986103 0.00305503]
 [0.00797093 0.00836183]
 [0.00636554 0.00678266]
 [0.00941901 0.00888284]
 [0.00463347 0.0040405 ]
 [0.00984246 0.0053658 ]
 [0.00395849 0.0085637 ]
 [0.00018189 0.00473023]]",694.2053213119507,0.627563379430852,15.17748556842837,10.333044529247115,7.724906416091057,0.9642390200558648,106.77180924340371,9.143159332155868,365,1
1,5,"[3, 3, 3]",5,5,0.7543087959890967,0.06021562763871835,0.6864397148504442,0.1,"[0.01728324 0.11061254 0.60645057 0.18463694 0.43691172 0.75553971
 0.7992539  0.23411766 0.70125699]","[[0.00705425 0.00906229]
 [0.00245289 0.00150083]
 [0.00596111 0.00605172]
 [0.00443707 0.00705327]
 [0.0064875  0.00886468]
 [0.00225727 0.00081923]
 [0.00503953 0.00851402]
 [0.00242157 0.00846969]
 [0.00851388 0.00299952]]",1666.4511914253235,0.7022149849101467,16.822550610919752,11.219861686710958,8.643820242231612,0.9521295687675623,125.88529626892446,8.51499190361511,365,1
1,5,"[3, 3, 3]",5,5,0.7695944367002203,0.06685528310439576,0.7314363209831992,0.1,"[0.61290436 0.35301641 0.22604888 0.69077157 0.63067787 0.88318993
 0.09095137 0.7067908  0.83998404]","[[0.00888846 0.0011899 ]
 [0.00310938 0.00547754]
 [0.00278557 0.0002532 ]
 [0.00240186 0.00883001]
 [0.0096081  0.00106338]
 [0.00681748 0.00531404]
 [0.00712161 0.00617677]
 [0.00425757 0.00101498]
 [0.00461489 0.00076269]]",981.3995158672333,0.60481802111289,14.729899456734321,9.8250230530266,7.444925508718695,0.9655108743564612,96.53107799250414,9.073155612126707,365,1
1,5,"[3, 3, 3]",5,5,0.8007395145656344,0.06719296743694472,0.7952080106045739,0.1,"[0.26595963 0.1819034  0.97642414 0.85274984 0.29813946 0.7877503
 0.6180132  0.5869951  0.86571807]","[[0.00309437 0.00490007]
 [0.00566866 0.0074407 ]
 [0.00357164 0.00402642]
 [0.00874303 0.00080015]
 [0.0083569  0.00351514]
 [0.00017963 0.00760078]
 [0.00430896 0.00943405]
 [0.00835747 0.00292515]
 [0.00429943 0.00868274]]",664.4481828212738,0.6349896353256036,15.237419431625558,10.461691606717626,7.816318907146426,0.9627118512577835,109.44699127406601,9.864216223944846,365,1
1,5,"[3, 3, 3]",5,5,0.7643193061471644,0.07234526507942303,0.6812598406440532,0.1,"[0.09668265 0.94808024 0.67992866 0.93390121 0.56478792 0.17885117
 0.5694887  0.77327755 0.96465865]","[[0.00401462 0.00852203]
 [0.00936667 0.00841278]
 [0.00922308 0.0090512 ]
 [0.00829016 0.00890372]
 [0.00472114 0.00255142]
 [0.00759717 0.00821015]
 [0.00595992 0.00442097]
 [0.00064888 0.00827796]
 [0.00682293 0.00561409]]",1641.2126338481903,0.6781009893462928,16.288846599719296,10.896297248087961,8.346992280061887,0.9555129656331026,118.72929371868928,8.450737773245084,365,1
1,5,"[3, 3, 3]",5,5,0.8151530387659915,0.06725008309239507,0.7705830972609674,0.1,"[0.5584025  0.39056223 0.96096393 0.89720203 0.81858829 0.3162782
 0.45170484 0.57882389 0.88875637]","[[0.0084943  0.00499933]
 [0.00271542 0.00657575]
 [0.00479889 0.0061755 ]
 [0.00858224 0.00814987]
 [0.00043974 0.00686433]
 [0.00234469 0.00608026]
 [0.00270944 0.00687856]
 [0.007641   0.00458155]
 [0.00739167 0.0070193 ]]",556.1998965740204,0.6440041545691377,15.437559627436354,10.642830405596648,7.927281910764496,0.9623768828227066,113.26983904229249,9.558754676176275,365,1
1,5,"[3, 3, 3]",5,5,0.810834061069059,0.05115992893025177,0.7563792709146268,0.1,"[0.84155985 0.7785738  0.01276462 0.71011018 0.20596019 0.71113478
 0.19977551 0.09231196 0.20850531]","[[0.00236981 0.00243441]
 [0.00023479 0.00925806]
 [0.00300997 0.000612  ]
 [0.00745497 0.00154352]
 [0.00470247 0.00769837]
 [0.00291579 0.00584449]
 [0.00143163 0.00072322]
 [0.00141298 0.00383602]
 [0.00831705 0.00947512]]",2274.8904242515564,0.7714606486994351,18.546955292490257,12.650190547218083,9.49619036136999,0.9338567604122356,160.0273208809257,9.382562268128037,365,1
1,5,"[3, 3, 3]",5,5,0.7970435730549326,0.059154511647408835,0.8037826950489247,0.1,"[0.87947803 0.24600873 0.41911622 0.32556615 0.89537506 0.04221895
 0.29630611 0.0892185  0.1064223 ]","[[0.00115414 0.00397128]
 [0.00325732 0.00022664]
 [0.0068259  0.00641849]
 [0.00291723 0.00486066]
 [0.00720781 0.00057591]
 [0.00512606 0.00588832]
 [0.00845741 0.00343556]
 [0.00123023 0.00858411]
 [0.0009946  0.00813974]]",2097.115840435028,0.714799198626989,17.35251740116422,11.881005990617984,8.798723916456293,0.9427630882222051,141.1583033491004,9.970581527466962,365,1
1,5,"[3, 3, 3]",5,5,0.7751894589397709,0.073156432620909,0.72714987065487,0.1,"[0.22318672 0.14952977 0.48407755 0.03285851 0.54183907 0.4649812
 0.55334716 0.33893908 0.93066172]","[[0.00985655 0.00447931]
 [0.00729506 0.00844882]
 [0.00334543 0.00464196]
 [0.00505775 0.00512919]
 [0.00289516 0.00679896]
 [0.00696986 0.00429045]
 [0.00383008 0.00370183]
 [0.00061318 0.0040918 ]
 [0.00451231 0.00956052]]",1096.5242335796356,0.6121705403138201,14.855516780492273,9.93787127995531,7.535430347929053,0.9639808023785598,98.76128557696059,9.019984023928428,365,1
1,5,"[3, 3, 3]",5,5,0.8125268018143595,0.06347316131557373,0.7956197960772389,0.1,"[0.39937313 0.17770636 0.3030224  0.02397248 0.80737087 0.64798958
 0.4834011  0.69667326 0.84191689]","[[8.60880324e-04 7.40600202e-03]
 [8.20708268e-03 4.63737316e-03]
 [5.34800906e-03 4.60695737e-03]
 [3.00798512e-03 1.56807849e-03]
 [3.94219803e-05 3.14495281e-03]
 [9.28562266e-03 9.42244875e-03]
 [4.73849677e-03 7.12582179e-03]
 [9.34910944e-03 7.23748123e-03]
 [3.44788302e-03 3.01566263e-03]]",746.5985324382782,0.7015165077963483,18.618986135484068,11.37786778744143,8.63522243280754,0.9592994828517748,129.45587538849733,9.86932424711121,365,1
1,5,"[3, 3, 3]",5,5,0.7736906341896649,0.07780523152115776,0.7101590367993701,0.1,"[0.09259835 0.9978606  0.49667228 0.22368086 0.9749643  0.45550285
 0.3181856  0.89231159 0.31996561]","[[0.00541007 0.00321848]
 [0.00345771 0.00388961]
 [0.00393309 0.00696233]
 [0.00982704 0.00574801]
 [0.0032275  0.00459955]
 [0.00866825 0.00615741]
 [0.00232928 0.0098613 ]
 [0.00233771 0.00236835]
 [0.00456658 0.00221116]]",1707.9445774555206,0.6842776438612719,16.478100116667132,10.973238331469716,8.423022972190564,0.9551063561497697,120.41195947923626,8.809219976357591,365,1
1,5,"[3, 3, 3]",5,5,0.7995681142111748,0.05867241964799123,0.7809171267881715,0.1,"[0.05209352 0.54483261 0.15730937 0.96105786 0.56612806 0.06729291
 0.29169897 0.63318859 0.99648505]","[[0.00096796 0.00322725]
 [0.00730252 0.00710022]
 [0.00166505 0.00799357]
 [0.00828214 0.00424819]
 [0.00423648 0.00647609]
 [0.00172493 0.00923702]
 [0.0087541  0.00703446]
 [0.00661318 0.00404552]
 [0.00456738 0.00377644]]",2533.5790510177612,0.7203098006750289,17.46519641114824,11.855788792654169,8.866555925959515,0.9437035295490793,140.55972789602419,9.68694390510956,365,1
1,5,"[3, 3, 3]",5,5,0.7780067927083308,0.06743205060355185,0.7446353624014173,0.1,"[0.64624352 0.98150656 0.2734481  0.24150116 0.08919594 0.68609479
 0.03436079 0.20581647 0.42893424]","[[0.00367441 0.00394591]
 [0.00978179 0.00094614]
 [0.00582652 0.00483345]
 [0.00429221 0.00782717]
 [0.00964344 0.00775665]
 [0.00331666 0.00220061]
 [0.00361324 0.003078  ]
 [0.0091531  0.00455117]
 [0.00137673 0.00829144]]",923.9136562347412,0.6004201763190646,14.530416415510414,9.857153359173592,7.390790833914049,0.9664120857542793,97.16347234626724,9.236884091671474,365,1
1,5,"[3, 3, 3]",5,5,1.3064971764154258,0.08435073135711671,1.2523261083583455,0.1,"[0.22087484 0.29692028 0.50900142 0.56277728 0.88735608 0.7826423
 0.75835048 0.5567129  0.49610895]","[[0.00992824 0.00484473]
 [0.00036898 0.00356431]
 [0.00346056 0.00933928]
 [0.00964583 0.00825503]
 [0.00902616 0.00949105]
 [0.00300944 0.00702088]
 [0.00598848 0.00710301]
 [0.00168067 0.00213813]
 [0.00386831 0.00860518]]",2491.3315641880035,1.265549993147727,28.122147662491738,20.178788834736395,15.57811622280625,0.7994604789325099,407.18351883688223,15.534571270662008,365,1
1,5,"[3, 3, 3]",5,5,0.7676213767575757,0.07189190621278528,0.6994691026730825,0.1,"[0.03204236 0.86554542 0.34040585 0.40693911 0.66728389 0.71641068
 0.09520781 0.06960251 0.64988201]","[[6.67115871e-03 6.81382541e-03]
 [9.70533517e-03 8.54322425e-03]
 [5.35507925e-05 9.41219684e-03]
 [5.46477288e-03 4.20170525e-04]
 [4.83706923e-03 3.72885207e-03]
 [6.33519173e-03 6.78540372e-03]
 [2.82363837e-03 5.87407654e-03]
 [3.41458173e-03 9.58805990e-03]
 [7.33018245e-03 1.75752781e-03]]",1661.8987636566162,0.6988362027195796,16.75330496621927,11.181049975382338,8.60222958051047,0.9529404184348396,125.0158785519974,8.676615902662132,365,1
1,5,"[3, 3, 3]",5,5,0.7889545434095693,0.05678904013386667,0.7766144063466209,0.1,"[0.79386173 0.75681691 0.19430078 0.61731518 0.72404019 0.8139673
 0.65189377 0.67088174 0.22588731]","[[0.00257076 0.00829961]
 [0.00617394 0.00225052]
 [0.00522137 0.00183355]
 [0.00825984 0.00307226]
 [0.00120828 0.00742225]
 [0.00916456 0.00590774]
 [0.00040007 0.00864152]
 [0.00310331 0.00622044]
 [0.00938319 0.0084425 ]]",701.9374678134918,0.6057453749602911,14.937432479554877,9.996125461440602,7.456340645293862,0.9662637673705508,99.92252424086111,9.633570493095798,365,1
1,5,"[3, 3, 3]",5,5,0.7975375327047507,0.0595076550502587,0.7912954965966001,0.1,"[0.64367175 0.53300859 0.90994302 0.7073707  0.0233135  0.86352127
 0.56847922 0.3253761  0.8763505 ]","[[0.00703387 0.00501535]
 [0.00108817 0.00573748]
 [0.00209564 0.00034753]
 [0.0092964  0.00920373]
 [0.00702146 0.0026353 ]
 [0.00442892 0.00346463]
 [0.00754238 0.00736219]
 [0.00339556 0.00973418]
 [0.00612918 0.00169169]]",691.2604868412018,0.6351563463506655,15.358060526870018,10.512029618628025,7.818371013928537,0.9629003118689895,110.50276670291288,9.815683156320786,365,1
1,5,"[3, 3, 3]",5,5,0.7982996377226408,0.06803199862173667,0.7882975391347524,0.1,"[0.36336193 0.11808194 0.39509032 0.50480773 0.39968802 0.60792385
 0.96652157 0.74040179 0.90553526]","[[0.00975143 0.00283919]
 [0.00746521 0.0016451 ]
 [0.00978428 0.00163582]
 [0.00342753 0.00612185]
 [0.00525849 0.00919148]
 [0.00180852 0.00290126]
 [0.0043938  0.00778069]
 [0.00710727 0.00206204]
 [0.00690068 0.00615524]]",626.8094568252563,0.6479732895431726,15.397675794567617,10.728600660201364,7.97613944011087,0.9619338099733876,115.10287212607314,9.778494772602956,365,1
1,5,"[3, 3, 3]",5,5,0.7595620143121925,0.06029273530588248,0.6810723887886104,0.1,"[0.05456245 0.14595867 0.16885042 0.72984718 0.41621302 0.62861119
 0.32036546 0.32486774 0.72849048]","[[0.0072956  0.00315982]
 [0.0022411  0.00326574]
 [0.00765807 0.00117668]
 [0.00886091 0.00399657]
 [0.00103945 0.00351831]
 [0.00304332 0.00735308]
 [0.00338163 0.00914015]
 [0.0041475  0.00179592]
 [0.00477888 0.00024129]]",1891.223417043686,0.6983291017785749,16.777424715457908,11.149113473187027,8.595987490163633,0.9532181369385316,124.30273123800049,8.448412512924502,365,1
1,5,"[3, 3, 3]",5,5,0.8037803122400892,0.06849572961299444,0.7526023846980955,0.1,"[0.79102444 0.90124933 0.14327754 0.10353267 0.48479368 0.64780331
 0.54060528 0.53833185 0.43851475]","[[0.00310792 0.00571088]
 [0.00490659 0.00845489]
 [0.00966302 0.00082106]
 [0.00395013 0.00954837]
 [0.00034367 0.00666297]
 [0.00387924 0.00284695]
 [0.0060196  0.00665607]
 [0.00866651 0.00622105]
 [0.0088449  0.00130406]]",602.1567640304565,0.6360490546785403,15.37789974983506,10.525768521633601,7.829359686173804,0.962670825155414,110.7918029710128,9.335711605413037,365,1
1,5,"[3, 3, 3]",5,5,0.794752413348409,0.06629523761329027,0.751303309270368,0.1,"[0.13881983 0.84108819 0.74746184 0.35639809 0.89778684 0.67699121
 0.94713918 0.10081324 0.97980929]","[[0.00738038 0.00389142]
 [0.00912672 0.00726822]
 [0.00717879 0.0011969 ]
 [0.00445106 0.00033898]
 [0.00961277 0.00840654]
 [0.00917335 0.00320618]
 [0.0046505  0.00113515]
 [0.00761993 0.00366356]
 [0.00645163 0.00634244]]",541.3351471424103,0.6479937480083022,15.72558558277446,10.701674573966223,7.976391270816299,0.9618562496154285,114.52583868707515,9.31959712877368,365,1
1,5,"[3, 3, 3]",5,5,0.8157603005115025,0.07423381498725122,0.7821926707175632,0.1,"[0.18725236 0.67660349 0.6820023  0.18204336 0.36947995 0.40541986
 0.92064473 0.88789541 0.17709369]","[[0.00646019 0.00887844]
 [0.00924551 0.0005358 ]
 [0.0019499  0.00700111]
 [0.00583935 0.0037781 ]
 [0.00563952 0.00164317]
 [0.00238969 0.00077481]
 [0.00631893 0.00878267]
 [0.00306432 0.00759849]
 [0.00828202 0.00125909]]",653.4476294517517,0.6725319671389794,16.291338172452875,11.198703200425626,8.278441155521056,0.9601477983063105,125.41095337122317,9.702766483547991,365,1
1,5,"[3, 3, 3]",5,5,0.8085735471925938,0.04440040286544755,0.7570102073954083,0.1,"[0.6501177  0.29571653 0.05616049 0.70007672 0.28768726 0.99785169
 0.40965764 0.88772798 0.45381304]","[[0.00637329 0.00117641]
 [0.00228833 0.00215139]
 [0.00289394 0.00983108]
 [0.00911298 0.00840671]
 [0.00655784 0.00505155]
 [0.00547746 0.00564832]
 [0.00384028 0.0068896 ]
 [0.00052034 0.00319652]
 [0.00028076 0.00800779]]",2635.032676935196,0.7759295715954875,18.614572650854143,12.698590569288347,9.551199962446521,0.9336619935742695,161.25420244641896,9.390388766084556,365,1
1,5,"[3, 3, 3]",5,5,0.7985708167373538,0.11045260274944627,0.7001530015283068,0.1,"[0.85943467 0.10668663 0.66898277 0.04016417 0.25877128 0.23771252
 0.51384362 0.98554195 0.79146864]","[[0.00091957 0.00466562]
 [0.00471761 0.00758687]
 [0.00197082 0.00275154]
 [0.00305015 0.00887121]
 [0.005485   0.00937804]
 [0.00695953 0.00766219]
 [0.00551001 0.00876046]
 [0.00288263 0.007518  ]
 [0.00071087 0.00172922]]",1062.9547672271729,0.6559337542024496,15.810918146970574,10.664297425768712,8.07412770159497,0.9608966432797107,113.72723958525717,8.685099376285734,365,1
1,5,"[3, 3, 3]",5,5,0.8031924318175119,0.06280164944993212,0.7687582087951458,0.1,"[0.23578762 0.53300273 0.74888215 0.26423803 0.56186626 0.53262585
 0.85319508 0.5277542  0.66643786]","[[0.00734279 0.00886612]
 [0.00851071 0.00302531]
 [0.00940727 0.0079072 ]
 [0.00922514 0.0008657 ]
 [0.00149796 0.00077368]
 [0.00311086 0.00954287]
 [0.00081785 0.00317169]
 [0.00854368 0.00763172]
 [0.00527609 0.00535113]]",719.4001133441925,0.6252124285885768,14.96354306926502,10.420367859874208,7.695967705132689,0.9637285530618325,108.5840663350994,9.536117713052926,365,1
1,5,"[3, 3, 3]",5,5,0.848562407912086,0.05315669702952505,0.7645114255336543,0.1,"[0.81334814 0.00179112 0.00825637 0.91951736 0.30285853 0.25336931
 0.55403505 0.60872495 0.91853796]","[[9.07888166e-03 3.31728848e-03]
 [1.99144565e-04 2.93263849e-03]
 [3.15493932e-03 3.46881140e-03]
 [1.10951327e-05 8.44310571e-03]
 [4.49063383e-03 2.57086702e-03]
 [6.30091453e-03 5.53648098e-03]
 [9.59839680e-03 5.08282667e-03]
 [8.20665108e-03 5.12643780e-04]
 [1.50167199e-03 7.07313036e-03]]",2319.680024623871,0.7869914609642777,18.86321746393003,13.03716448560396,9.687364791306605,0.9282625365009263,169.96765782469316,9.483438177901194,365,1
1,5,"[3, 3, 3]",5,5,0.7807509762510672,0.06729116432535513,0.7458072750334523,0.1,"[0.11782401 0.23979    0.87045336 0.77997739 0.45963613 0.4104193
 0.79964206 0.96110979 0.61955947]","[[0.00455635 0.00362566]
 [0.00918011 0.00700605]
 [0.00048145 0.00219603]
 [0.00019519 0.00594194]
 [0.00286963 0.00615753]
 [0.0040152  0.00140062]
 [0.00260452 0.00129637]
 [0.0096664  0.00631315]
 [0.00072134 0.0030582 ]]",547.905825138092,0.6230816156703772,15.191931592231752,10.206248291837143,7.6697387521332026,0.9632851141946428,104.1675041946286,9.251421168063823,365,1
1,5,"[3, 3, 3]",5,5,0.8006553873302817,0.08692852767693399,0.7409000760516081,0.1,"[0.9840521  0.44472044 0.9128434  0.96910604 0.74780771 0.56478205
 0.58053549 0.20428853 0.99822796]","[[0.00471149 0.00615489]
 [0.00923873 0.00186276]
 [0.0062907  0.00623197]
 [0.00433338 0.0025696 ]
 [0.0089941  0.00958396]
 [0.00306254 0.00604216]
 [0.00921647 0.00930071]
 [0.00032172 0.00235614]
 [0.00707423 0.00886186]]",618.3909692764282,0.5907526187888708,14.332073132338541,9.672540360448902,7.271789343959913,0.9662334354407212,93.558037024513,9.19054945756127,365,1
1,5,"[3, 3, 3]",5,5,0.7947159808077748,0.06066133539060803,0.7632525256119089,0.1,"[0.65278617 0.62846146 0.77661583 0.87813507 0.04371714 0.9576174
 0.57207393 0.88176001 0.89966958]","[[0.00496466 0.00305792]
 [0.00084379 0.00900188]
 [0.00553031 0.00249841]
 [0.00616307 0.00153321]
 [0.00297328 0.00387901]
 [0.00212611 0.00572058]
 [0.00663482 0.00794954]
 [0.0003984  0.00369742]
 [0.00801375 0.004883  ]]",677.4797275066376,0.6066929695737917,14.782852961843698,9.948110703624787,7.468004932837731,0.9657049866860385,98.96490657157403,9.467822061279128,365,1
1,5,"[3, 3, 3]",5,5,0.7796099643576317,0.07455900420236045,0.7388802872318362,0.1,"[0.19410735 0.56407908 0.10348395 0.34969931 0.78881977 0.41851268
 0.01120049 0.99719762 0.35128945]","[[0.00978487 0.00938025]
 [0.00163238 0.00235431]
 [0.0067972  0.00035317]
 [0.00494787 0.00902525]
 [0.00299763 0.00709528]
 [0.0091295  0.00126842]
 [0.00699156 0.00269396]
 [0.00699157 0.0010369 ]
 [0.00047805 0.00286776]]",922.6497976779938,0.6173586530392667,14.964554673084077,10.032334668259884,7.599292718796764,0.9646788329718395,100.64773889596914,9.165494838670057,365,1
1,5,"[3, 3, 3]",5,5,0.7955827765513396,0.06912339482896136,0.7922812477214533,0.1,"[0.61797724 0.9269774  0.6162623  0.71918957 0.5623916  0.15111617
 0.6961211  0.25022654 0.6484734 ]","[[0.00345169 0.00136047]
 [0.0074884  0.00562965]
 [0.00360011 0.00157038]
 [0.00013208 0.00496889]
 [0.00645586 0.00789428]
 [0.00119595 0.00796864]
 [0.00135843 0.00216252]
 [0.00874339 0.00799219]
 [0.00129626 0.00188042]]",579.8543953895569,0.644546297935205,15.693090245426907,10.701638737605467,7.933955351096167,0.9621596836737056,114.52507167021794,9.827910978612408,365,1
1,5,"[3, 3, 3]",5,5,0.8639036070119259,0.05228987465618736,0.777267548467505,0.1,"[0.95301607 0.01197309 0.09046513 0.46631315 0.71605456 0.17545498
 0.87635706 0.32875691 0.96344636]","[[0.00974529 0.00410191]
 [0.0030562  0.0005217 ]
 [0.0038742  0.00153653]
 [0.00907922 0.00642756]
 [0.00700952 0.00429469]
 [0.00182736 0.00995164]
 [0.00030315 0.00386473]
 [0.00133962 0.00676151]
 [0.00370554 0.00566057]]",2152.5367188453674,0.8062539848149056,19.231028060466652,13.358461905430072,9.924474219550765,0.9238461784016426,178.44850447882644,9.641672442547323,365,1
1,5,"[3, 3, 3]",5,5,0.8064197418519861,0.05165528831797235,0.753001509848665,0.1,"[0.90948129 0.00238323 0.32178966 0.25099475 0.00659196 0.72569797
 0.84531408 0.3455691  0.75943697]","[[6.61517179e-03 7.23255414e-03]
 [5.92772386e-03 1.56493738e-03]
 [2.83429567e-03 8.15376295e-03]
 [1.90773427e-03 6.51776657e-03]
 [2.40839169e-03 5.91697284e-03]
 [9.37205556e-03 7.40725354e-04]
 [4.70479272e-03 3.61853469e-03]
 [1.00319936e-03 9.73622671e-05]
 [3.73050720e-03 5.63335177e-03]]",655.0652918815613,0.6296279616581738,15.499507248701287,10.31442014890286,7.750320111372082,0.964241102263399,106.3872630080933,9.340662582683297,365,1
1,5,"[3, 3, 3]",5,5,0.8177428656390546,0.08559216699891822,0.8112378806094228,0.1,"[0.38271907 0.61083884 0.29196306 0.50630391 0.31772857 0.98494447
 0.74644661 0.32238592 0.80810083]","[[4.43759372e-03 3.85451097e-05]
 [4.04026763e-04 9.28300526e-03]
 [4.21563637e-04 9.91720061e-03]
 [7.85256825e-03 8.74486945e-03]
 [3.21536512e-04 1.02220714e-03]
 [1.07476110e-03 6.09282767e-03]
 [2.96575117e-03 1.00629063e-03]
 [4.68438544e-03 9.42766428e-03]
 [9.57963254e-03 3.84682742e-03]]",686.4214491844177,0.6362616561219678,15.362338243777451,10.542706395135063,7.83197667484496,0.9632174800049349,111.14865813402177,10.063059924789034,365,1
1,5,"[3, 3, 3]",5,5,0.7538545291078442,0.06733301711958418,0.7110998374216737,0.1,"[0.34742915 0.70046897 0.7829678  0.05366316 0.72305543 0.45549578
 0.96023747 0.39629678 0.32928062]","[[0.00832111 0.00560938]
 [0.00842839 0.00320604]
 [0.00521209 0.00954121]
 [0.00984885 0.00628949]
 [0.00900687 0.00123208]
 [0.00325823 0.00234239]
 [0.00272224 0.00157591]
 [0.00787976 0.0072494 ]
 [0.00333715 0.00321033]]",1347.9539015293121,0.6149002770430255,14.945363780911466,9.929284149610716,7.56903167245631,0.9641625052948523,98.59068372371058,8.82089020683599,365,1
1,5,"[3, 3, 3]",5,5,0.7906832820874896,0.0743808233119689,0.7362823484214136,0.1,"[0.16306953 0.63079587 0.9276556  0.13526011 0.52486953 0.40569888
 0.04323652 0.93247963 0.38498913]","[[0.00931851 0.00968708]
 [0.00379535 0.00917446]
 [0.00821597 0.001097  ]
 [0.00549227 0.00847675]
 [0.00232827 0.00171769]
 [0.00163299 0.00098559]
 [0.00196035 0.00600339]
 [0.0057761  0.00882652]
 [0.00075892 0.00371484]]",862.3042714595795,0.5986028142758568,14.455153950294111,9.784931237686676,7.3684202620035775,0.9668087804600544,95.7448793262565,9.133268515719534,365,1
1,5,"[3, 3, 3]",5,5,0.8134088229104728,0.062682019411606,0.7903041431529408,0.1,"[0.99655996 0.33771584 0.41036093 0.63390069 0.73500758 0.04884889
 0.44394852 0.65980305 0.44528648]","[[0.00668485 0.00130892]
 [0.00906117 0.00234758]
 [0.0008086  0.00447697]
 [0.00891287 0.00022166]
 [0.00644047 0.00392448]
 [0.00850365 0.00729068]
 [0.00455701 0.00510769]
 [0.00414545 0.00409126]
 [0.00737193 0.00244846]]",2409.7889211177826,0.7007945430502049,17.092089452810765,11.65302662096922,8.626335505554499,0.9451371439911888,135.7930294290173,9.8033858396537,365,1
1,5,"[3, 3, 3]",5,5,0.7493485985279417,0.061996943992800736,0.737808418645025,0.1,"[0.41475801 0.71793639 0.15117176 0.80750403 0.55144931 0.48066708
 0.93941232 0.52325996 0.05964858]","[[3.97259001e-03 7.47413266e-03]
 [3.42383785e-03 3.67389213e-03]
 [7.83171624e-03 3.08765583e-04]
 [1.23489316e-03 7.61490730e-03]
 [2.19224051e-03 2.58212082e-03]
 [8.72651485e-03 9.92656942e-03]
 [4.47344219e-03 2.67910670e-03]
 [4.09866227e-05 4.41958955e-03]
 [3.57876461e-03 1.49066705e-03]]",1791.6435871124268,0.6287999328290899,15.197469509654859,10.367626230098397,7.740127602656388,0.9593952003153636,107.48767364702428,9.15219876599101,365,1
1,5,"[3, 3, 3]",5,5,0.8071639623393085,0.06893010871203425,0.7753587776010673,0.1,"[0.92588369 0.77672576 0.21346793 0.48772727 0.21935865 0.17863867
 0.79539525 0.01635702 0.89611805]","[[0.00126844 0.00092562]
 [0.00154136 0.00143788]
 [0.00402768 0.0048366 ]
 [0.00506891 0.00863738]
 [0.00848678 0.00501658]
 [0.00923572 0.00872149]
 [0.00357703 0.00517781]
 [0.00197481 0.00953934]
 [0.00951112 0.00790108]]",789.8905091285706,0.6045624091819287,14.894938499914339,9.959560183733508,7.4417790882769825,0.966846181741138,99.19283905340983,9.617994954019267,365,1
1,5,"[3, 3, 3]",5,5,0.8611010208799309,0.04653585412209129,0.7924326145917742,0.1,"[0.03805694 0.15295749 0.08307503 0.46808282 0.14837752 0.42158361
 0.49573767 0.88597592 0.87881636]","[[0.00954429 0.00593448]
 [0.00674467 0.00153398]
 [0.00909205 0.00798575]
 [0.00122276 0.00575483]
 [0.00993177 0.00572025]
 [0.00285692 0.00305159]
 [0.00011784 0.00258333]
 [0.00114948 0.00466534]
 [0.00092328 0.00306473]]",2810.716147661209,0.8280307084083656,19.60590271634389,13.682567251437371,10.192531848982751,0.9176053652404043,187.21264659010643,9.82978862008241,365,1
1,5,"[3, 3, 3]",5,5,0.7851885616496317,0.06453659804827139,0.7663683393216336,0.1,"[0.91392745 0.59415071 0.77563197 0.83932951 0.76011909 0.44378294
 0.76909173 0.72505648 0.90557211]","[[0.00430386 0.00010533]
 [0.00155158 0.00899399]
 [0.00249307 0.00709019]
 [0.00877544 0.00723336]
 [0.004187   0.0054632 ]
 [0.00384792 0.00865329]
 [0.00920551 0.00600854]
 [0.00907177 0.00571059]
 [0.00388853 0.00010043]]",613.1281719207764,0.6642763904549791,16.294571550117638,10.96114768068235,8.17682025254134,0.9613160872680953,120.14675847772807,9.506472401487457,365,1
1,5,"[3, 3, 3]",5,5,0.8156771228615026,0.08600319530975782,0.7870846976339776,0.1,"[0.2808115  0.59234321 0.75035091 0.62291287 0.07398552 0.76909565
 0.16091808 0.18959757 0.57007031]","[[0.00024815 0.00719816]
 [0.00210137 0.00546239]
 [0.00291884 0.00650513]
 [0.00473263 0.00124875]
 [0.00216548 0.00600747]
 [0.00380274 0.00172733]
 [0.00746991 0.00219547]
 [0.00269099 0.00996532]
 [0.00220642 0.00400251]]",694.3479669094086,0.6561006515274074,15.978032373365378,10.799902729030379,8.076182101610414,0.9620179472771905,116.6378989565178,9.76344999104961,365,1
1,5,"[3, 3, 3]",5,5,0.7650649371706398,0.05874540519793416,0.7240731165587365,0.1,"[0.4893017  0.08827668 0.58240599 0.59774623 0.70277103 0.67454944
 0.68936851 0.58904902 0.05571706]","[[0.00389156 0.00712529]
 [0.0027331  0.00449471]
 [0.00774191 0.00980043]
 [0.00799439 0.00566116]
 [0.00853791 0.00386658]
 [0.00329165 0.00474371]
 [0.00867271 0.00322391]
 [0.00534058 0.00476458]
 [0.0009817  0.00214887]]",1802.0705733299255,0.6139577664701514,14.742721169641854,10.172486446346511,7.557429966221903,0.9628226500412156,103.47948050110345,8.981818201568196,365,1
1,5,"[3, 3, 3]",5,5,0.7912520826359897,0.06550774221404028,0.7579268737891471,0.1,"[0.7849842  0.15264349 0.51427803 0.29369948 0.16974339 0.57130979
 0.42034551 0.52065437 0.71801017]","[[0.0012492  0.00186744]
 [0.00714515 0.00336506]
 [0.00684617 0.00931172]
 [0.00284322 0.00275224]
 [0.00917698 0.00242382]
 [0.00314453 0.00153098]
 [0.00172024 0.00432612]
 [0.00040018 0.00761788]
 [0.00335445 0.00246377]]",671.9043936729431,0.6062284300128893,14.784664977064157,9.967362426002158,7.462286746034356,0.9664148501613755,99.3483137312796,9.401759621750596,365,1
1,5,"[3, 3, 3]",5,5,0.7821965118559964,0.06192809539827126,0.7521730170842174,0.1,"[0.95057112 0.14175805 0.62355274 0.29739474 0.53228166 0.91268734
 0.75224657 0.64062854 0.81663551]","[[0.00758616 0.00217302]
 [0.00881668 0.00998232]
 [0.00489352 0.003522  ]
 [0.0097901  0.00804655]
 [0.00446671 0.00033069]
 [0.00427966 0.00256726]
 [0.0008572  0.00020705]
 [0.00964219 0.00714248]
 [0.00697891 0.0077859 ]]",569.5786674022675,0.6493734795470762,15.831791653795715,10.637505717217532,7.993374889309184,0.9614909630557585,113.15652788383568,9.330385483283516,365,1
1,5,"[3, 3, 3]",5,5,0.8579760269900703,0.046972570333469736,0.767985696530591,0.1,"[0.47017845 0.90628262 0.04403448 0.32750125 0.51428015 0.15606746
 0.43604075 0.2179901  0.01318631]","[[4.76838563e-04 8.39213397e-04]
 [4.02581692e-03 9.01655794e-03]
 [9.60765378e-03 7.45359120e-03]
 [1.43253282e-03 3.99595820e-03]
 [3.93903651e-05 1.34554684e-03]
 [6.55630670e-03 1.63860403e-03]
 [5.49741288e-03 1.75581640e-03]
 [6.89067506e-03 3.70088448e-03]
 [9.69586406e-03 3.06844468e-03]]",2506.231176137924,0.800498674580619,19.1543670970523,13.182208865165364,9.853630007774488,0.9260096980885483,173.7706305648443,9.52653502787924,365,1
1,5,"[3, 3, 3]",5,5,0.8092306378788683,0.07212085086028934,0.7924120349231775,0.1,"[0.86645915 0.76990956 0.89492148 0.60617814 0.38311015 0.32337067
 0.76992603 0.13390925 0.32270873]","[[0.00236167 0.00954371]
 [0.00736692 0.00204638]
 [0.00764891 0.00441596]
 [0.00901875 0.00146156]
 [0.00680708 0.00434712]
 [0.00670954 0.00513047]
 [0.00767241 0.00647477]
 [0.00518506 0.00636825]
 [0.00573633 0.00395154]]",629.3341109752655,0.6569096973131635,16.210129432649715,10.884961336359561,8.086140941125503,0.9612577692861344,118.48238329404253,9.829533338070473,365,1
1,5,"[3, 3, 3]",5,5,0.7891211265296614,0.05902633161774035,0.7510039452469401,0.1,"[0.95507545 0.15577371 0.54338499 0.15542846 0.65194634 0.50041007
 0.65539058 0.02929758 0.43140865]","[[0.00843935 0.00325283]
 [0.00550027 0.00639556]
 [0.00029614 0.00412692]
 [0.00280725 0.00194158]
 [0.0025491  0.00550732]
 [0.00175425 0.00090253]
 [0.00919633 0.00631472]
 [0.00273598 0.00405184]
 [0.00364313 0.00289595]]",579.791264295578,0.6324835933087449,15.446935234087494,10.366496476167542,7.785471122381511,0.9620965673996915,107.46424919039407,9.31588364573857,365,1
1,5,"[3, 3, 3]",5,5,0.8627693678329573,0.05146851175423153,0.792159620981832,0.1,"[0.7096004  0.18022985 0.04213582 0.03043517 0.50913114 0.49148362
 0.46562928 0.64995533 0.43498306]","[[0.00771121 0.00490708]
 [0.00282338 0.00249904]
 [0.00886738 0.00135388]
 [0.00096024 0.00649638]
 [0.00401856 0.00321349]
 [0.00896657 0.00470082]
 [0.00790809 0.00329198]
 [0.00715087 0.0060611 ]
 [0.00459406 0.00502513]]",2324.1065678596497,0.8262517991927744,19.57085958086178,13.608188590033524,10.170634606945418,0.9190085178064045,185.18279670191862,9.826402250779894,365,1
1,5,"[3, 3, 3]",5,5,0.7480172153619522,0.06423911864130082,0.7543874784085289,0.1,"[0.83278243 0.29742449 0.11042014 0.61637053 0.94062146 0.18800577
 0.06649342 0.20878787 0.01351816]","[[0.00785596 0.00909126]
 [0.00104471 0.00389525]
 [0.00700334 0.00923989]
 [0.00066873 0.00025584]
 [0.00280591 0.0008143 ]
 [0.00429446 0.00519206]
 [0.00462968 0.00766176]
 [0.00137343 0.00038739]
 [0.00681832 0.00661211]]",1862.0411190986633,0.6302820579864511,15.186683791230152,10.403458227754504,7.758371621528129,0.9589138719138846,108.23194309663288,9.357854931567827,365,1
1,5,"[3, 3, 3]",5,5,0.7903108010959478,0.06817910043757557,0.790545912743843,0.1,"[0.58257288 0.35795589 0.71529294 0.9824214  0.83882382 0.45758805
 0.90035166 0.79164576 0.25691019]","[[0.00948133 0.00706421]
 [0.00673977 0.00685774]
 [0.00684871 0.00511421]
 [0.00316694 0.00221753]
 [0.00711139 0.00116347]
 [0.00409236 0.0097389 ]
 [0.00460929 0.00344853]
 [0.00246067 0.00965891]
 [0.00372556 0.00935192]]",606.0415868759155,0.6321716212140134,15.498548484179302,10.396523699863918,7.781630944137812,0.9639872172449415,108.08770504183212,9.806384888316728,365,1
1,5,"[3, 3, 3]",5,5,0.8110416759234207,0.08667724918495524,0.7359404140785247,0.1,"[0.29502839 0.82422109 0.5561333  0.9386422  0.68551269 0.15727577
 0.57229806 0.93044185 0.647537  ]","[[0.00066921 0.00327145]
 [0.00192127 0.00377396]
 [0.0055455  0.00469227]
 [0.00615798 0.00825318]
 [0.00095576 0.00858212]
 [0.0060547  0.00021538]
 [0.0074445  0.00337055]
 [0.00619858 0.00095446]
 [0.00654905 0.00053865]]",588.0902149677277,0.6205409085630879,14.941489256912293,10.20751180197284,7.638464262132994,0.9643282198603378,104.19329718741483,9.129026966027292,365,1
1,5,"[3, 3, 3]",5,5,0.7988163029139748,0.060554882453265055,0.8211894603801225,0.1,"[0.5038316  0.69717861 0.18408093 0.73400574 0.81973816 0.74189105
 0.85149601 0.55182857 0.85774478]","[[0.0081302  0.00630637]
 [0.00453399 0.00444853]
 [0.00160044 0.0085252 ]
 [0.00453727 0.008346  ]
 [0.00435451 0.00473814]
 [0.00297428 0.00680256]
 [0.00387914 0.00216439]
 [0.00681295 0.00568249]
 [0.00868124 0.00471753]]",620.2022652626038,0.664758829552819,16.22936075335301,10.940893129794937,8.182758771270167,0.9604725482687214,119.70314247759403,10.18650502760356,365,1
1,5,"[3, 3, 3]",5,5,0.7806994871025656,0.09768920058390862,0.6941497002507937,0.1,"[0.09363551 0.42441144 0.72553599 0.95443153 0.22966778 0.98973515
 0.10141099 0.89060194 0.15965437]","[[0.00445081 0.00196404]
 [0.00183044 0.00267206]
 [0.00705928 0.00369434]
 [0.00825422 0.00274652]
 [0.00877649 0.00251019]
 [0.00216353 0.00031817]
 [0.00617622 0.0092165 ]
 [0.00535203 0.00019004]
 [0.00735413 0.00927428]]",1490.7904024124146,0.6736588498871638,16.185292201154134,10.835326864599677,8.292312366074366,0.9572174945048657,117.40430826271546,8.610630984281167,365,1
1,5,"[3, 3, 3]",5,5,0.8138616773079665,0.06430084915014692,0.7607973927007183,0.1,"[0.53259329 0.22780844 0.28399832 0.25933668 0.18442858 0.5784775
 0.99846875 0.9722047  0.9835044 ]","[[0.0077419  0.00519341]
 [0.00916609 0.00891824]
 [0.00685625 0.00224033]
 [0.00201641 0.00771615]
 [0.00449238 0.00839221]
 [0.00702409 0.00554734]
 [0.00259611 0.00416046]
 [0.0039848  0.00432629]
 [0.00657325 0.0093875 ]]",622.104749917984,0.6594241620865327,15.926533884263486,10.894243496250288,8.117092404670826,0.9607017175082124,118.6845413555917,9.437367184603406,365,1
1,5,"[3, 3, 3]",5,5,0.7952469100873956,0.061142650703085354,0.7843743390178675,0.1,"[0.89343313 0.3156207  0.75513664 0.94298669 0.11021167 0.30534035
 0.98963191 0.15027525 0.45493807]","[[0.00509549 0.00962733]
 [0.00234686 0.00781479]
 [0.00432004 0.00324958]
 [0.0041312  0.00315121]
 [0.00464309 0.0070794 ]
 [0.00311139 0.00562069]
 [0.002374   0.00803391]
 [0.0067962  0.00266911]
 [0.00886984 0.00877199]]",654.7574863433838,0.6412496881308235,15.73671649170684,10.57969570204127,7.893376179232585,0.9627707833107085,111.92996114779054,9.729829148355362,365,1
1,5,"[3, 3, 3]",5,5,0.7818432006374736,0.060066054047709094,0.7758433764740855,0.1,"[0.33713446 0.716707   0.80982085 0.39239772 0.34101908 0.30066318
 0.24726049 0.6285357  0.20313664]","[[0.00824854 0.00756576]
 [0.00919498 0.00922976]
 [0.00650638 0.00664103]
 [0.00319859 0.00026092]
 [0.00937362 0.00560617]
 [0.000148   0.00683265]
 [0.00122772 0.00808315]
 [0.00618021 0.00905689]
 [0.00912342 0.00333234]]",548.6039319038391,0.6334999507627004,15.24074669933024,10.395583562432119,7.797981836796083,0.9625133543260043,108.06815760350885,9.624006196362886,365,1
1,5,"[3, 3, 3]",5,5,0.8114889576778094,0.09849003411186193,0.7385217248441086,0.1,"[5.88928126e-01 2.43170257e-01 8.60736456e-01 6.13553277e-01
 8.84857606e-04 8.39083801e-01 5.36559226e-01 5.59493840e-01
 9.92156602e-01]","[[0.0060426  0.00102946]
 [0.00253782 0.00226483]
 [0.00751256 0.00786726]
 [0.00031874 0.00526824]
 [0.00963753 0.00279401]
 [0.00498639 0.00056123]
 [0.00438116 0.00194247]
 [0.00727871 0.00027541]
 [0.00678782 0.00482523]]",698.6856956481934,0.6317926915235154,16.203035471230574,10.370302349298782,7.7769665604383835,0.96530894234155,107.54317081587186,9.161047025173271,365,1
1,5,"[3, 3, 3]",5,5,0.7833080541636431,0.07695407650848102,0.7606269050738952,0.1,"[0.17326318 0.5414691  0.35445982 0.6764578  0.9874933  0.8146871
 0.44038217 0.66547226 0.1852575 ]","[[0.00051615 0.00837557]
 [0.00760822 0.0042709 ]
 [0.00711281 0.00563833]
 [0.00283874 0.00956054]
 [0.0035354  0.00857542]
 [0.00910741 0.00486791]
 [0.00593347 0.00093354]
 [0.00431218 0.00821695]
 [0.00456678 0.00591893]]",623.696350812912,0.636980815751655,15.676191503775438,10.433024346561135,7.840829072896935,0.9619144520807892,108.84799701593741,9.435252358303792,365,1
1,5,"[3, 3, 3]",5,5,0.8373774319747056,0.054246661552798565,0.8297168823176513,0.1,"[0.99711263 0.09539659 0.15831536 0.28466071 0.06760549 0.00938883
 0.98833861 0.29465316 0.14959561]","[[0.00950967 0.00272627]
 [0.00981173 0.00073492]
 [0.00899951 0.00473039]
 [0.00636637 0.00217459]
 [0.00228155 0.00190148]
 [0.00449245 0.00945938]
 [0.00244007 0.00713799]
 [0.00404362 0.00541935]
 [0.00799783 0.00141465]]",2234.2407166957855,0.7337965640737215,17.534483265735883,12.358704373057439,9.03256941324322,0.9366511848641806,152.73757378062905,10.292284059885496,365,1
1,5,"[3, 3, 3]",5,5,0.798140762481879,0.06311570592711824,0.7603977291401888,0.1,"[0.18390472 0.42071089 0.31255464 0.42638674 0.93463172 0.48455988
 0.22564201 0.61753927 0.61095663]","[[6.66238615e-03 5.21024480e-03]
 [8.24333387e-03 5.25521664e-03]
 [3.14371802e-03 8.97806820e-03]
 [8.02633974e-03 6.23127387e-03]
 [5.70436578e-03 3.61063742e-03]
 [7.97389317e-03 1.50885697e-04]
 [6.89320120e-03 4.73789555e-03]
 [2.63535181e-03 2.49024475e-03]
 [8.30093326e-05 6.05980743e-03]]",594.2946593761444,0.6245743586098255,15.076769785455193,10.319753021499523,7.688113469155373,0.9644875285175769,106.49730242474854,9.432409528587218,365,1
1,5,"[3, 3, 3]",5,5,0.8021300295453841,0.061232311754562604,0.7838319713371565,0.1,"[0.32598275 0.84934821 0.66526843 0.99688214 0.52875666 0.39776626
 0.22394777 0.0946211  0.95584997]","[[0.00610073 0.00577862]
 [0.00681516 0.0099289 ]
 [0.00435614 0.00435187]
 [0.00461115 0.00068661]
 [0.00016474 0.00948614]
 [0.00393134 0.0060921 ]
 [0.00973369 0.00825837]
 [0.00251849 0.00113816]
 [0.00406686 0.00341261]]",646.2903316020966,0.6295579001721315,16.011132797070115,10.358794116491653,7.7494576989994215,0.9655555510935322,107.3046155478621,9.723101308590085,365,1
1,5,"[3, 3, 3]",5,5,0.8032908590890463,0.08360550137431548,0.7617931628478817,0.1,"[0.87915686 0.02612363 0.80376563 0.30347719 0.37398428 0.26451852
 0.55389315 0.80823365 0.90701488]","[[0.00185773 0.00925689]
 [0.00473408 0.00447724]
 [0.00449987 0.00555635]
 [0.00106389 0.00390705]
 [0.00656515 0.00181215]
 [0.00346343 0.00734362]
 [0.00626068 0.00707834]
 [0.00264522 0.00998852]
 [0.00795935 0.0086995 ]]",681.3168778419495,0.6512333003924904,15.931012397171173,10.67059302702236,8.016268102094399,0.961952163678747,113.86155554833822,9.449719288593784,365,1
1,5,"[3, 3, 3]",5,5,0.7938304456139782,0.059469673773954436,0.7753052749469321,0.1,"[0.79521203 0.15758314 0.39454612 0.58608964 0.63533617 0.50783821
 0.73160425 0.38103792 0.28355976]","[[0.00551352 0.00827271]
 [0.00551589 0.00353102]
 [0.00303018 0.00236408]
 [0.00462972 0.00041066]
 [0.00805512 0.00394506]
 [0.00646821 0.00246089]
 [0.00428719 0.00906326]
 [0.00679703 0.00071261]
 [0.00776474 0.00014515]]",559.8789358139038,0.6483830732514011,16.153347431699206,10.593408329382067,7.981183617162398,0.9622521610228623,112.22030003302136,9.617331276413022,365,1
1,5,"[3, 3, 3]",5,5,0.7954144560675439,0.05648636696780312,0.7857791894249972,0.1,"[0.6914414  0.96095979 0.83803669 0.94557956 0.15098798 0.23062659
 0.74702996 0.55262008 0.71209907]","[[0.00529889 0.00260202]
 [0.0064808  0.00405116]
 [0.00446097 0.00571881]
 [0.00852852 0.00804875]
 [0.00876239 0.00656056]
 [0.00941918 0.00832349]
 [0.00895045 0.00907714]
 [0.00746132 0.00980386]
 [0.0039896  0.00503661]]",600.5243344306946,0.6308598035193401,15.146115942516293,10.416223751277274,7.765483301910005,0.9638838791778246,108.49771723667281,9.747255718502322,365,1
1,5,"[3, 3, 3]",5,5,0.7953828784442628,0.06594254485807784,0.7489038933132616,0.1,"[0.53395234 0.67200928 0.11251571 0.26887912 0.54715567 0.99598492
 0.85092257 0.59130752 0.47904787]","[[4.66008411e-03 9.93336334e-06]
 [1.18210053e-03 6.90536673e-03]
 [6.66603546e-03 5.33128255e-03]
 [9.05576289e-03 7.66050921e-03]
 [8.50001665e-03 1.19258417e-03]
 [7.98518304e-03 8.51570052e-03]
 [3.44418582e-03 9.95759732e-04]
 [1.08325450e-03 3.15017035e-03]
 [6.89270518e-03 3.33284358e-03]]",625.9021735191345,0.5924676445183593,14.382503885752268,9.80537970190447,7.292900220878039,0.9672378649041202,96.14547109852022,9.289833397150694,365,1
1,5,"[3, 3, 3]",5,5,0.7580410930932422,0.07891482241760828,0.7101392737693533,0.1,"[0.21772139 0.7526451  0.21094155 0.00792235 0.09804342 0.18275153
 0.00134312 0.33503924 0.49064086]","[[0.00523815 0.00308928]
 [0.00370923 0.00577749]
 [0.0088897  0.00884452]
 [0.00977123 0.0006054 ]
 [0.00581713 0.00132178]
 [0.00041102 0.00279768]
 [0.00924601 0.00543793]
 [0.00724567 0.0052684 ]
 [0.00618309 0.00673709]]",1419.7070670127869,0.6354888692757623,15.449970077771132,10.27465433184574,7.822464159835023,0.9615024705321464,105.56852163891642,8.80897482439895,365,1
1,5,"[3, 3, 3]",5,5,0.8055282036766392,0.07467698900738715,0.7703202816220446,0.1,"[0.32614977 0.5990328  0.93949174 0.11084247 0.34289196 0.93271727
 0.56489061 0.44614955 0.32981294]","[[0.00893547 0.00934023]
 [0.00235227 0.00448703]
 [0.0003447  0.00887807]
 [0.00704268 0.00463969]
 [0.00590846 0.00524529]
 [0.00119525 0.0080998 ]
 [0.00016647 0.00838848]
 [0.00740991 0.00719601]
 [0.0026412  0.00706427]]",574.8603332042694,0.6267879340352631,15.11156395103721,10.3744844074702,7.715361176027582,0.9637808433803617,107.62992672084232,9.555494560263462,365,1
1,5,"[3, 3, 3]",5,5,0.7895670962374643,0.07110101721217785,0.7405505720502706,0.1,"[0.46861804 0.93235409 0.70601191 0.72460942 0.16134001 0.43619993
 0.72426152 0.24903245 0.75031868]","[[0.00942275 0.0080941 ]
 [0.00812957 0.00915108]
 [0.00864749 0.00491682]
 [0.00799639 0.00272265]
 [0.00239097 0.00775453]
 [0.00040719 0.0094926 ]
 [0.00723145 0.00705262]
 [0.0058123  0.00032193]
 [0.00928834 0.00418184]]",629.0306646823883,0.6246836960137855,15.057092849358881,10.315410171290097,7.689459343119744,0.9630536466384109,106.40768700195518,9.186214009484349,365,1
1,5,"[3, 3, 3]",5,5,0.7994290622193482,0.07620007132129655,0.8052693581981557,0.1,"[0.46635661 0.9435901  0.67241557 0.79178092 0.55975226 0.95755886
 0.17510015 0.93581819 0.63930744]","[[0.00879721 0.00421098]
 [0.00801062 0.0083284 ]
 [0.00388663 0.00318377]
 [0.00843786 0.00372093]
 [0.00114131 0.00279692]
 [0.009861   0.00775487]
 [0.00144025 0.00381782]
 [0.00119275 0.00755029]
 [0.00624806 0.00334208]]",624.9855992794037,0.6557988387899788,17.24058024885101,10.670894116216003,8.072466978599357,0.9625355696648407,113.8679812394933,9.989022949787438,365,1
1,5,"[3, 3, 3]",5,5,0.8046803961356808,0.07582674632913261,0.7886824754334404,0.1,"[0.26259518 0.38463763 0.90701249 0.78273828 0.4438126  0.00815291
 0.32659039 0.14022498 0.50817314]","[[0.00951472 0.00372314]
 [0.00139947 0.00635949]
 [0.00822213 0.00088257]
 [0.00974815 0.00404094]
 [0.00025345 0.0076505 ]
 [0.00800573 0.00238467]
 [0.00604297 0.0088159 ]
 [0.00385019 0.00987346]
 [0.00127909 0.00555982]]",2415.6688706874847,0.6929336332534591,16.922655128857404,11.534031392605632,8.529572701166092,0.9465689699641051,133.0338801656122,9.783269743217017,365,1
1,5,"[3, 3, 3]",5,5,0.7832651288901212,0.05558070796208809,0.7341427873952235,0.1,"[0.42851996 0.78018388 0.04783867 0.56430204 0.2848472  0.3824137
 0.43743255 0.01377892 0.65533639]","[[9.62924073e-03 9.95170251e-03]
 [6.37711096e-04 5.58835516e-03]
 [1.01709236e-03 6.15967885e-03]
 [4.22409467e-04 5.85617334e-05]
 [8.65118506e-04 4.67386437e-03]
 [1.34433467e-03 7.34824139e-03]
 [4.18201676e-03 2.06054750e-03]
 [7.38989289e-03 2.97082133e-03]
 [9.29429889e-03 5.83705835e-03]]",2499.459155321121,0.7482260432860965,18.11920947215459,12.145394729394274,9.210187133145263,0.9408220680924626,147.5106131327982,9.106728173689254,365,1
1,5,"[3, 3, 3]",5,5,0.7978286880974211,0.06603387966354377,0.8072546981072282,0.1,"[0.78494759 0.81193136 0.64471195 0.90866637 0.28810611 0.43776772
 0.93530314 0.71033561 0.87458345]","[[0.0083709  0.00195582]
 [0.0057844  0.00519471]
 [0.00093368 0.00058639]
 [0.00478018 0.00565954]
 [0.00363739 0.00727859]
 [0.00541134 0.00414037]
 [0.00129011 0.00324856]
 [0.00875524 0.00797911]
 [0.00146074 0.00164477]]",643.7956352233887,0.6417999332816166,15.471890819460961,10.544551616936051,7.900149347385958,0.9616846855809988,111.18756880222868,10.01365024463351,365,1
1,5,"[3, 3, 3]",5,5,0.7809606923537432,0.06717131548802599,0.7404481116217049,0.1,"[0.88449502 0.1723961  0.82275906 0.56089844 0.792197   0.8015552
 0.45261664 0.68950061 0.98418229]","[[0.00492908 0.00306309]
 [0.00409728 0.00057366]
 [0.00873985 0.00200476]
 [0.002791   0.00636548]
 [0.00450571 0.00419059]
 [0.00805889 0.00482667]
 [0.00064292 0.00400179]
 [0.00303614 0.004006  ]
 [0.0031519  0.00851249]]",676.4637413024902,0.6229490341788679,15.344749324214632,10.245356637960942,7.668106758221538,0.9649096861617287,104.96733263901035,9.184943031566254,365,1
1,5,"[3, 3, 3]",5,5,0.7989192638954222,0.06828566977051963,0.7925207918236037,0.1,"[0.55613136 0.42432807 0.14717304 0.604472   0.94598938 0.40941363
 0.45653064 0.3910904  0.52158421]","[[0.00935933 0.00325115]
 [0.0044534  0.0024595 ]
 [0.00400314 0.00460801]
 [0.00018855 0.00769496]
 [0.00812878 0.00512427]
 [0.00952393 0.00857964]
 [0.00816402 0.00136472]
 [0.00787451 0.00273135]
 [0.00056053 0.0094127 ]]",641.5968685150146,0.6066934902253642,14.75442464901963,10.06522621504724,7.468011341727741,0.966189929058462,101.30877876007418,9.83088242103662,365,1
