1598609920,1,17,273.3143716353636,23.5721948266222,25.33064909661974,4.49761261418105,17.174926555764362,25.09361857107407,37.2600750265305,294.97810219589985,0.8808611882078707,"[14.071960064490632, 482.6466889013235, 0.7660831477899794, 77.03686877272794, 215.10120831998336, 190.01603618096425, 0.1630050150504726, 0.14814469450072815, 0.019375099885327957, 0.09587526507605174, 0.23696396483641782, 0.024410723275692485, 0.44561684141848446, 0.45091621045921215, 0.12047746624818148, 0.6524186154656548, 0.5517513686348753, 0.597513253239051, 0.4835286243100021, 0.2829881608569912, 0.29772571830177164, 1.1230178106527222, 0.792094872094053, 1.5774014193577992, 3.7663594681128925, 1.2951352869779509, 1.3581602497860934]",0.9973602120542536
1598610023,1,12,273.0080714725329,36.09574629186331,24.797642051912195,4.661258238785234,16.415856901529107,24.11560900608541,36.930140159533956,269.48035781148087,0.8917357125259988,"[10.699908217112137, 535.0124241288512, 1.0532600607405387, 166.47796352901716, 66.79839279720058, 240.3994255551779, 0.22617156498808294, 0.0180211426303227, 0.23966784070602803, 0.04293023712545835, 0.078118804709907, 0.15545996424611894, 0.4776900544212169, 0.44109421644371405, 0.10090369340740542, 0.5212260272202929, 0.5520376332645666, 0.4853774136627097, 0.7681341540644223, 0.1607167531255701, 0.7645604503388788, 0.041619595904132334, 0.2704203567382337, 0.23254603480337965, 2.789078260410263, 6.043073806908024, 4.241068004250127]",0.9512555432151946
1598610354,4,2,277.35023897536615,38.1830690381231,24.992510963589627,4.802245755895462,16.59361978760391,23.86815549927138,38.18715943158298,275.34821765556006,0.877373724544671,"[17.46387765140809, 356.48155795697284, 2.1986499115148366, 147.58189938270917, 144.7106180007979, 127.42428563274383, 0.0591156721690822, 0.1586250319241593, 0.08191712168188554, 0.07403854602468798, 0.15907211986463077, 0.13699410262648937, 0.15383197813797345, 0.30543124850629855, 0.17377594625876613, 0.7853351478166735, 0.8539752926394888, 0.4942368373819278, 0.846561485357468, 0.079645477009061, 0.505246090121704, 0.13057300877375622, 0.8562446551947789, 0.19306183132122512, 1.1444397453114972, 5.370707780807362, 2.0341080054381226]",0.941299109651659
1598611205,8,7,475.6061275365437,278.00784663800056,30.289880508629242,8.38800426442048,17.54420305798976,25.682524913454113,36.662822587400896,307.7990609399772,0.8840557450043893,"[8.831398944974971, 544.9796980600287, 1.753636925763574, 202.90531414354072, 251.77398630334773, 167.39120711880327, 0.13026891127838508, 0.027292272006342773, 0.07442535522444907, 0.1299718001981344, 0.1730151990690257, 0.20289736866505012, 0.2523764532594154, 0.12637453876236204, 0.21525823972319744, 0.9095935277196137, 0.2133853535799155, 0.4521239618176831, 0.9312060196890217, 0.024899227550348013, 0.6005489174641225, 1.9002590008272913, 0.4606057580419296, 1.0969798384720608, 8.182155373980581, 1.1985250118332513, 4.710713226063892]",1.0321544029411007
1598613108,13,12,311.1498885461328,48.53185901145265,26.03752758776658,4.879607490827395,17.496033129437457,24.229978045278454,40.571676892551615,306.11117526637304,0.8568732407085367,"[14.430553161772703, 521.0420177151789, 1.2750528868605793, 201.86718495480352, 175.65405700314864, 67.20519055702894, 0.09529635561427315, 0.1709794118455565, 0.05146461860477707, 0.12929057867501625, 0.10269516274532349, 0.23472544703781945, 0.3251843249570313, 0.4505120378580004, 0.3162509112542725, 0.6731187595012315, 0.9960807379445383, 0.09393263711184652, 0.7675118753294755, 0.9396691809109534, 0.1252490624933511, 0.29027532922241517, 0.4008211911056776, 1.2017767262445114, 1.1758247057346172, 4.791858626453908, 7.361330349318693]",0.9711750720066089
1598613728,14,2,268.69661084150084,41.83846341051349,25.037470137764256,4.964141081970128,16.396074700746134,23.818482573404033,37.013661987333556,268.8312655924474,0.887594401654393,"[25.389910681318714, 575.8282082190627, 1.6324163710536674, 162.28357905100955, 118.52113511345672, 129.6045630647402, 0.16860460391887186, 0.13043361476406573, 0.08282991479539685, 0.16701755064336432, 0.14066991046873698, 0.13552213178941008, 0.27329930767640587, 0.18471291080884789, 0.30190595321484076, 0.7611608214162354, 0.40661546388462366, 0.4713323706070741, 0.9937529669949434, 0.9031018350591508, 0.15559366132895902, 0.2811220572501918, 1.8703184038414862, 1.5397413145852576, 2.340366384410239, 0.9074771523283603, 5.2195845143377175]",0.9383322731619947
1598613931,16,12,266.51822876994515,20.511401656278164,25.056003894433456,4.599223030945844,16.467617939820943,24.025278050663402,35.91426475175585,271.18244061191257,0.889392617013464,"[13.1349826088157, 517.3982890736949, 1.5162017197996374, 198.86793421024228, 181.48124708319, 70.14360859542234, 0.010752165437685335, 0.23026268083842547, 0.1664395725277813, 0.05279893266620066, 0.21112273343836377, 0.21291366611964305, 0.24413801752315725, 0.13412077044196977, 0.371259397162336, 0.5103852337853663, 0.8897652478087843, 0.2898616985956358, 0.9117424342068279, 0.3130834508941892, 0.4984998211521736, 0.8153034746017995, 1.1236357834318111, 0.6995408471286024, 4.895905833089508, 5.707444548662742, 6.54127859137684]",0.9392511226028402
1598614060,18,17,639.7034310108285,331.50252445653416,33.745103053143715,11.061218913888261,16.328216657306996,23.13771700657648,37.70464096348513,266.6106592079576,0.8795701788602533,"[22.938330984549744, 381.08429406484066, 3.527011817720026, 94.95060492992235, 215.83616954138012, 117.66263911513418, 0.10887488225926348, 0.10124869565412048, 0.09285709435194214, 0.08138065672079123, 0.08415458286253698, 0.03051012071068187, 0.49324950747218566, 0.1519567194366002, 0.3955923812351091, 0.4948564027850705, 0.3144104664763031, 0.4814145853852275, 0.7844166097131615, 0.1091053040431893, 0.7427192386213776, 0.4736546502678136, 0.6438757844705234, 1.9897224578976545, 3.386902981007468, 6.592093600097859, 7.983151214043616]",0.9132829607850678
1598614984,23,7,266.819554740916,19.18121282903996,25.12190881342251,4.587147479704633,16.032695192801448,23.81783509418731,34.43022965145185,257.0473151452786,0.9009350547962816,"[10.625106958761886, 532.1380386140312, 1.4056649962583827, 184.6017894670576, 198.89245682826706, 147.66604814605938, 0.0192166759418822, 0.07975058003146696, 0.05018264796032182, 0.10176465061811366, 0.18394717832952845, 0.19916351086908296, 0.4240299445986131, 0.10187702371574314, 0.3231755078093471, 0.5225073412939581, 0.21192472516106386, 0.5872665086131399, 0.5786598290046783, 0.40803753993998393, 0.4587954296263317, 1.5094322344799855, 0.8312907587731158, 1.4736533648277206, 4.204707602356817, 3.256553096020847, 5.678519489939414]",0.9244862581756378
1598615048,28,2,497.3311071231313,152.03655867654024,31.318562142859275,7.687285648060802,18.91973453084916,25.565011110063963,43.68779598497569,357.956354717806,0.8115920692979957,"[16.675940383063033, 357.36645283718343, 1.809605044000727, 223.4547564191954, 172.20432846798738, 134.17616058127538, 0.21698888274224015, 0.211820678472187, 0.014264640516901341, 0.21834236547843103, 0.17349543443832954, 0.21370026431860503, 0.3977181474739969, 0.24373052227966505, 0.18028607754116133, 0.7990628496091948, 0.8985013753954421, 0.14880565495928344, 0.2265517907849921, 0.31783958545365987, 0.26956773244065035, 1.4182409442301294, 0.7825336041985373, 0.756635381357808, 8.440798143659643, 5.184101582663813, 6.721413729654056]",1.034102519185174
1598615329,25,17,502.16438499502027,253.09011555563845,30.469774117122324,8.269922486135105,19.393498169398786,25.50998142226838,45.960790747545474,376.1077712464741,0.782673335062841,"[22.23094119741944, 493.0151096050421, 0.6876810734627194, 250.35334150887968, 81.41884376952285, 72.72078844810262, 0.18591593713981458, 0.2173614101623305, 0.18447877843455943, 0.023077627411914374, 0.05957452665426064, 0.18647333631443708, 0.3520220050502011, 0.3687141855668954, 0.4000200710141777, 0.010497612909434406, 0.8837527555268764, 0.14203213411100557, 0.2955158634790108, 0.9673716106286081, 0.29756567582449545, 1.056108984716124, 0.23888669905310267, 1.2509943236975438, 8.281350145021081, 4.254739877491445, 3.8074053512400043]",1.0340203537716066
1598615369,34,12,280.2195347184899,41.617154953059476,25.256979516107716,4.837493637436016,16.748980020330038,23.90745058630386,37.9146957530138,280.5283317214148,0.8782892800521876,"[15.27838131119756, 513.2695909198616, 3.9037034872970446, 198.70880991239147, 179.1940521381677, 74.44152100534222, 0.1091103328695485, 0.13463705834083187, 0.025530898047857284, 0.21968496130615756, 0.021772501455363268, 0.03772839059142236, 0.26678665339714136, 0.49636805031992925, 0.2864033873353605, 0.8768910243859586, 0.6139071115352642, 0.21232422747559088, 0.4293158192630544, 0.34188762897736913, 0.4824957086835696, 0.2405815616365008, 1.0190760198971354, 1.3223315659940906, 1.8744336645171402, 7.651552150870674, 6.826190674799647]",0.9485987060575157
1598615430,35,7,688.5126550534889,269.2995036986357,37.310317510353364,10.8217439697704,19.885452513735164,28.38728504995882,50.30394222841827,395.43122167601615,0.8147615226733045,"[10.11817179812531, 532.5496793711188, 3.4518141213491877, 185.69196102118661, 197.2455099272022, 151.8290138831743, 0.1714299304461091, 0.18621294441827105, 0.14479558081225974, 0.16126418922379737, 0.09456436449908188, 0.060212306598945366, 0.3328199883907512, 0.14901815151438239, 0.33488723274107435, 0.3410816840312503, 0.04172808936647221, 0.4928432722890651, 0.4571894704927679, 0.6970998040964582, 0.3489969112628414, 0.0448204582834828, 1.9568516820782664, 1.6451032471162883, 0.9432061584676079, 0.9926161115770085, 6.97489743961807]",1.1530789575009555
1598615809,28,12,274.62553475080875,34.37919180980624,25.007399822417735,4.56713982663575,16.093073897846818,23.62332219466243,35.97844030990907,258.9870274815586,0.8949148896012941,"[14.594233382774815, 530.8475503469039, 1.4173921598232795, 211.08901754328815, 179.53785207520463, 72.41804730209634, 0.1001931887442787, 0.17961864127926547, 0.05769933648694318, 0.14066188947853261, 0.11420114661902026, 0.2246719393328105, 0.3057187063832433, 0.46980120495362265, 0.3106112692527922, 0.6331793022307483, 0.952193067318003, 0.07344068157467905, 0.7276756336687183, 0.9268595576057027, 0.14755582987260404, 0.2428906490163056, 0.36123765851859285, 1.1608964923664091, 1.3840737139677908, 5.14617659696652, 7.441413858780182]",0.926989519694796
1598616176,43,12,487.2206630084964,291.7681612331941,30.809313123736718,9.301525470337083,17.430242438232035,25.609007482987323,39.454438518073545,303.8133514555451,0.8739144757030108,"[11.550098311765566, 511.4868283349218, 2.8852092224134838, 190.21459489697463, 180.12692987571882, 75.95617893701652, 0.14893858841460472, 0.03320752124961416, 0.02058664614602889, 0.11804524564825473, 0.028937810519824747, 0.01375972306615024, 0.12263844857776421, 0.4880057921089792, 0.42273053988888776, 0.27112558300674383, 0.09865930584192995, 0.6336895310081241, 0.962142654554233, 0.4965187909389872, 0.5526178590522083, 1.5877193059391346, 0.5224200082246466, 1.3955661912123787, 3.426037959373495, 5.820308193565605, 6.07311709803054]",1.026258638609607
1598617143,35,2,244.74506132199667,7.421825544192639,23.747082769912623,4.048865051582341,16.462844815235524,23.41715828108896,38.80061447880401,271.02525941052716,0.8775564297124843,"[23.84869655033227, 385.1931838235528, 1.7453893223271182, 159.44305777682158, 220.50667281394607, 131.18662579111978, 0.13345292822277804, 0.21487702818634652, 0.07255976567104995, 0.09946154058721934, 0.2226482401458181, 0.1652110090177031, 0.40636784947281, 0.214611966705975, 0.16925921656798287, 0.45074800286472805, 0.050485149468282864, 0.5938858491074874, 0.7368388588445941, 0.9619995615557052, 0.3234707385251765, 0.4751080250884432, 0.9632196174871908, 1.056397022585708, 4.015355230574151, 2.1221623334957505, 8.163149211026052]",0.9240244910284782
1598617461,53,7,264.7051717714392,19.054315570736925,24.658049998104747,4.612970972024171,16.61112862895192,23.502483224644948,38.0359761498446,275.92959432758613,0.8766295100024205,"[28.41925953854355, 589.2768720217498, 3.873941661496849, 100.84794899955185, 147.82211717488994, 191.37486369802997, 0.15115693832177834, 0.20546399049532219, 0.05039056953164996, 0.10515851765618456, 0.12796346740588055, 0.22014207899607408, 0.378783314251797, 0.2968183055688782, 0.4331926275118053, 0.7960868689273396, 0.31102323320230685, 0.7580101153667479, 0.6390301681489198, 0.3947265483274307, 0.25930556126497717, 0.6148147651791624, 1.8961447665559574, 1.46816613566655, 7.707376571924448, 2.6564595771839006, 7.837922489142328]",0.9296481626323806
1598617970,37,12,318.52076416837946,27.71755463929682,27.58370505993452,4.100187651167401,18.638886110614973,28.310924172667224,40.1668839873109,347.4080754444757,0.8757218398673355,"[13.283843871554996, 535.1106624946128, 2.2175856995207175, 209.38848742396831, 177.42616574387893, 77.32615355370473, 0.06342333351989488, 0.19311962251605666, 0.2417893170158789, 0.19446302846284783, 0.023707998631029712, 0.08713830145024265, 0.3000671577104591, 0.1054045356978623, 0.2938916147034981, 0.9847458245981755, 0.6454314002206534, 0.23596571847672654, 0.9060859983228743, 0.8094680997777732, 0.766061547158872, 1.6646249337109638, 1.7067236358126046, 0.13231618538565515, 0.14204042202797384, 5.6861395718970265, 5.193857648252255]",1.1092622451323264
1598618157,58,2,299.5423637731641,33.57474316993592,25.645953821658065,4.685148582472333,17.628444876580986,24.266786038193143,40.129518120940126,310.7620687666544,0.8544028931864596,"[13.300991790408098, 581.5782471969717, 3.6748966429392427, 80.60994170232044, 162.32419670350478, 178.36478809424437, 0.09624575556822483, 0.18212083447868999, 0.09239050253321528, 0.038354028087826016, 0.1422938783682648, 0.22072560207775194, 0.4027258961621468, 0.46951195194968065, 0.484288497732804, 0.7425286125115694, 0.8624569952367854, 0.6270980896389824, 0.7248004606209523, 0.3699664534895515, 0.2814200801150384, 0.8348929130387761, 1.271847637102949, 1.8590214993833947, 6.148762116969578, 0.607975896581696, 2.3307299184987946]",0.9748869316284513
1598618284,61,17,745.2743897415352,66.89678535748168,37.108867999960296,3.648901965932572,27.802906178863186,35.6809881710005,68.27961725974527,773.0015919906687,0.32545600782689477,"[28.885231750527034, 396.9226062574213, 2.3201652650071924, 243.87112511201383, 99.15233534334229, 98.63285838383739, 0.0775951956649811, 0.12734543508532808, 0.18951191979468618, 0.1563402553645749, 0.12016391241230115, 0.10955012595963405, 0.34538859271449507, 0.11503820424099098, 0.11978459034095756, 0.005244235479623716, 0.21242848208108933, 0.26428193814526835, 0.7828280012591672, 0.10193483465847941, 0.9396521051210303, 1.03533751519263, 1.9184254214102967, 0.07060231956865448, 0.8042550382674133, 8.75722145260934, 6.565851047927102]",1.543806664220066
1598619001,67,12,245.02721696741136,10.079462751870357,23.85859690444452,4.152426125084035,16.79526049686711,23.835008587714878,37.689428262921375,282.0807751576249,0.8769929390260903,"[17.56070246083047, 397.38042384032263, 1.4370059146551006, 200.1338287363622, 112.50899429912526, 149.55430718476606, 0.22694335304253538, 0.05007208731541034, 0.16282660435896, 0.20762558854122196, 0.08163232481084413, 0.14975970152102067, 0.17155401287212516, 0.39270820969901454, 0.4637605724301423, 0.9137035518534313, 0.5309854310261362, 0.20084694883254178, 0.9328859728735308, 0.23568084804589706, 0.4663580305381416, 0.2631844470874305, 1.6258836843635465, 1.9388290989313812, 7.734707248911739, 4.190575706846458, 7.06285082505828]",0.9464341261780301
1598620881,78,12,282.90925892119236,31.465940049577533,25.49207334951284,4.394188056923597,16.375071021179302,24.4893003565847,34.70040286813233,268.14295094866617,0.8967817813384219,"[21.781406412948495, 538.0753770051375, 0.15684206605274964, 165.70176353762687, 65.74368646682669, 233.1896924914496, 0.11517427632009644, 0.021079638880798744, 0.06852903185714829, 0.23495372905822348, 0.025609167199827122, 0.05904543486999131, 0.35191444972411834, 0.1614845127016924, 0.4667350302702259, 0.3669728074317553, 0.36319119917147613, 0.13565157488424318, 0.5516360660205729, 0.1808204472726036, 0.7527655699348976, 1.0284290695160063, 0.6896543820979775, 1.0531463413419624, 1.1328724187205914, 7.945533289815209, 5.503834318638253]",0.9503033360948225
1598620916,42,7,516.8030146215074,129.25445249762402,31.87591022032451,6.813462684161209,20.6620755652101,27.208833778568742,49.875555111587,426.9213666624523,0.7353418018022011,"[10.963000039931721, 529.1772321993487, 3.091098111082386, 186.7055549932079, 200.38483167127046, 150.14527630770294, 0.017014094347865855, 0.01490763334530211, 0.21957140122986588, 0.21466018253888997, 0.10586123106097024, 0.0815820999122358, 0.49151669028455336, 0.20797790241715886, 0.3222093994540581, 0.7998805554463588, 0.2946446849653094, 0.525581126530337, 0.33025108993351093, 0.6535390370798947, 0.8638751702809426, 0.6171994916349741, 0.47493536094857425, 0.4160555468133027, 7.0127254227403, 6.785806044732653, 4.52969368893384]",1.1135844068330891
1598621934,83,17,254.44683410138828,18.614956707653494,24.04293934190582,4.155376755437111,16.109794349074107,23.247018635392045,36.86462079171394,259.52547396946005,0.8885680011608443,"[18.864573052463594, 413.96461255837795, 3.652606607782229, 203.00795534921787, 81.73750119880694, 75.28715288945531, 0.11225800354123326, 0.027366744418802803, 0.24362399511927368, 0.11679107654806373, 0.07038596864416084, 0.14579714980082328, 0.45426993353993883, 0.45480197548295986, 0.32474823449783385, 0.7057125414007852, 0.39675631399289113, 0.9988970592323102, 0.6170852136454419, 0.07248982038799501, 0.7410206812412993, 0.9664752768372864, 1.1292242085278403, 1.232287305651437, 7.063366129506567, 0.22648587551187294, 8.260763583436079]",0.9150349852302249
1598622241,44,2,282.9730913989765,30.653005765581568,25.10239916058786,4.695506079885211,17.314656385955725,23.67713237488422,39.94846198215004,299.7973257637174,0.8536144579181488,"[11.868679813649809, 400.2329519622127, 1.637195908148533, 204.327530286826, 154.96710163551566, 159.54121096107428, 0.09124587833135109, 0.1282224361191302, 0.19397620185233533, 0.2039233009129207, 0.2005140398982785, 0.16286248753937002, 0.3587171949398954, 0.3030856400610541, 0.10373135348213776, 0.5640778265218862, 0.6304213970158199, 0.8641037801098007, 0.1904690581651013, 0.7258089895754554, 0.7088061308250716, 0.5486066071653273, 1.5608987260395233, 1.2454731446189233, 1.7303260006548067, 5.7958687621966725, 6.661103888799397]",0.945012522748526
1598622598,47,12,256.21972926901157,10.650123568722124,24.719653019506552,4.155439241639943,16.688447436741818,24.337120940955575,35.97432358895876,278.5042778488945,0.8913698026753838,"[13.950147974757966, 538.9056423307248, 1.9763289467001406, 167.59583712210065, 66.31932146914527, 235.84945410070011, 0.04912427505525064, 0.06375793223407025, 0.01587277886367075, 0.14984955398651695, 0.2241604570207522, 0.245964382176548, 0.48154963336125245, 0.22469694816847535, 0.2508669086862164, 0.4597140461474326, 0.9518580293734081, 0.8893045452668352, 0.4788105005659564, 0.7755851317332904, 0.42070308402731615, 1.5686622732614774, 1.7102745039650067, 0.9905746649500666, 1.095763184222295, 6.312648801017454, 6.651570159061052]",0.9592551101614135
1598622744,48,7,260.83485311673195,13.670013844181154,25.083565201716794,3.9824814665072545,16.913026955388652,25.412162150261462,35.53249986114732,286.0504807937032,0.8946828405780517,"[22.41946923465894, 557.3950763712584, 0.11702485097681636, 137.44653971605615, 234.56636131974201, 168.798500175693, 0.1824375052948279, 0.23473074824577986, 0.04937523146855537, 0.20179303921366518, 0.10715811265655724, 0.055506852261518386, 0.4370490309505115, 0.41850831574930336, 0.2184187140201324, 0.9549687306237423, 0.7408545255690366, 0.1109600621645288, 0.19391410116462693, 0.0867378562323744, 0.6551942759327123, 0.8841324550012424, 1.6466330895115546, 0.02590927867659687, 6.613968709651689, 2.385501821309103, 1.7311007389997792]",0.9972900237588364
1598623667,92,2,749.0470287108387,35.864435769075335,37.70158943141117,4.298461419925244,28.401405163366384,36.30018907151528,73.90602101462555,806.6398152536947,0.08136817958445941,"[21.335079191127, 382.3169236306301, 3.159722769844435, 79.69311368171806, 214.51701576695604, 146.26465423783438, 0.11081570065284563, 0.23441745332958933, 0.2137440110421244, 0.17527137229251824, 0.16540412241478628, 0.12391579910917913, 0.346108007452028, 0.15928210265814724, 0.2795830537228019, 0.9222392192779464, 0.8338594542892841, 0.056708185882757944, 0.31643302385309646, 0.5504536524628855, 0.511267742384089, 0.9159827688299691, 1.8503961166046996, 0.9817416908035732, 7.56187566458509, 8.58746600825236, 7.760557031427595]",1.5865029542404026
1598623704,52,17,269.05975149126886,19.168253730760807,24.968477063884382,4.434520079869683,16.270930880910942,23.668483654949167,35.24265889109858,264.7431917313814,0.8916627228302374,"[23.669873240089892, 479.43132574560275, 0.19050506465534234, 79.79247494059015, 140.22889273463366, 90.1172112016571, 0.12500441001099077, 0.24747337548360554, 0.033979323949954426, 0.1304113537843808, 0.11238825257292813, 0.1389646704499152, 0.2585109415065848, 0.208475051816633, 0.47150513900017277, 0.18468703033675282, 0.3406547129688715, 0.7917522793630525, 0.8072579715866006, 0.6243718828233882, 0.0856643270105355, 1.4491295472969188, 0.06839590211403346, 1.3663873935246615, 1.422169722427929, 3.526563759361329, 3.0608944304300083]",0.9254992694731277
1598623885,54,12,281.50170638168856,23.502512499703684,25.363887030867016,4.824830841702233,17.090502550239528,24.335548152041564,38.783525411820754,292.0852774197438,0.8721025892148973,"[20.16002091344223, 535.940669280722, 1.5008415391164123, 166.96851002418262, 70.18383415143164, 236.88645485116865, 0.1520014605607681, 0.049223366222913935, 0.08726637123724161, 0.04366906881058161, 0.08266600910025569, 0.12394312060338422, 0.2019441945614674, 0.4408737713147445, 0.3629724973171118, 0.23041980477509083, 0.2424506781179463, 0.00980511575390619, 0.8964670439711602, 0.17794066367468875, 0.10862214416894511, 0.9724632084373737, 1.1306961248156113, 1.6826885001141119, 0.005154726919016972, 7.045622390549871, 3.251029858975719]",0.9715080773649751
1598623998,55,7,291.0658035129898,45.776486310031906,25.523184540368174,5.233021506130712,16.894245059352993,23.641806320931167,39.48721058216166,285.41551612547306,0.8655417599133524,"[26.538328530325053, 588.1495311986619, 0.9996872501383396, 96.72252517039475, 155.43218863135866, 189.03067595428988, 0.20545242494487367, 0.057085940629089435, 0.09144426992297738, 0.22733970748157556, 0.13147604942505722, 0.22480969720489835, 0.4002443438723099, 0.40072379044267314, 0.14103579575234854, 0.5573545440265913, 0.9651620963929626, 0.0840330762179744, 0.2823389609561615, 0.5240987839247944, 0.08501816507176974, 0.12714583834394388, 0.4783995302952351, 0.9135401772582918, 8.413637201902684, 6.775989604514969, 7.090183213463066]",0.938315128633065
1598624908,101,2,252.39210383809646,13.835823975435218,24.11257562632329,4.331911831855607,16.048453540839148,23.511765451952318,36.94638936559056,257.55286105247257,0.8941142959282744,"[23.84869655033227, 385.1931838235528, 1.7453893223271182, 159.44305777682158, 220.50667281394607, 131.18662579111978, 0.13345292822277804, 0.21487702818634652, 0.07255976567104995, 0.09946154058721934, 0.2226482401458181, 0.1652110090177031, 0.40636784947281, 0.214611966705975, 0.16925921656798287, 0.45074800286472805, 0.050485149468282864, 0.5938858491074874, 0.7368388588445941, 0.9619995615557052, 0.3234707385251765, 0.4751080250884432, 0.9632196174871908, 1.056397022585708, 4.015355230574151, 2.1221623334957505, 8.163149211026052]",0.921874912146767
1598624960,102,17,292.96670897195355,26.87983754050598,26.641794604129668,4.502701740499468,17.559979479249886,26.94706449556927,36.635473014732504,308.3528793116771,0.8874396441209148,"[17.186706669188567, 362.64700991578616, 1.041759665180754, 129.81777086494492, 225.99319944636983, 116.82091886351601, 0.22515704908716694, 0.08690781154970507, 0.24705299987923887, 0.18909918812330748, 0.0883083735144869, 0.22500796167977397, 0.29373059199571966, 0.337479728381188, 0.21825203837373844, 0.9380169835549719, 0.7764546027183101, 0.3209037244774503, 0.4190244627016012, 0.26412146417080706, 0.43537027873500767, 1.7730396434486624, 0.1450642446454511, 0.18051348941124568, 1.0008971041616501, 4.625766967236358, 4.619014760271818]",1.0561426291602003
1598625999,104,12,448.9032903165881,107.37677573871984,30.145073060947123,6.3988873924173095,19.763786030160734,26.22715216348715,45.63628265560886,390.60723824597653,0.7814872992598114,"[14.236959326162111, 539.1470953747092, 3.0583692650216707, 174.98579449979079, 64.8587320606773, 245.98540743496721, 0.21652667624991023, 0.04248464033182159, 0.02650698210749944, 0.24309880311762935, 0.06857480294924774, 0.19241171665710968, 0.22687126781989198, 0.4944376399298648, 0.4939433194886991, 0.9756270823210713, 0.9614564596918401, 0.6012412009178333, 0.31604097258529995, 0.44985705324186054, 0.472269948906049, 1.2303428695577512, 1.1344655524333889, 0.12690641932806423, 0.07005953908913587, 6.520134075370057, 0.3193268588645939]",1.069089099138375
1598626483,64,2,314.1969295937524,12.914720465201176,28.03499844435134,4.799444455232677,19.25099161340928,28.939176814076266,39.7612134499049,370.6006780995544,0.8691098094396992,"[18.638719379839078, 360.5450618405676, 1.3688519143865752, 129.3644770880931, 96.83969737637051, 232.0703575192603, 0.24240170035557584, 0.19762484796521493, 0.14814477675483848, 0.028434270452064994, 0.05915329838385747, 0.24397358792596135, 0.47224174170547684, 0.182961884619539, 0.37663379878114955, 0.27928538892641275, 0.668701559843146, 0.9672825006799495, 0.21203074360566088, 0.3616515142218777, 0.07237422806016824, 1.9390892395369352, 0.23224169445440523, 1.512533934614709, 4.48889748771254, 0.3405983549456534, 1.7673045899146316]",1.16489088833772
1598626833,109,7,252.27858992804195,14.261099224706454,24.253580087912994,4.036733367033239,16.14670183288566,23.54998683893149,35.65620886212669,260.7159800801132,0.8942708110590418,"[22.39934777148022, 568.9607288588601, 0.3633859986514554, 127.37890880694837, 156.6741305298739, 162.60233654365283, 0.04451981548337405, 0.23600755770899137, 0.10542099685363078, 0.10597399073684297, 0.04220128788468705, 0.056492009857368186, 0.4695041234736977, 0.28623048887386376, 0.32570898952347477, 0.4911865113016149, 0.13125070245379045, 0.23767393558093342, 0.5975461770694807, 0.6472096057454053, 0.5278557289522091, 0.5229122662624696, 1.4303269143657569, 1.90105529174882, 3.113144503820857, 2.8019467343474203, 7.251560004532152]",0.9221504002126067
1598626946,69,12,258.85235653102455,11.776363110053104,24.323939799571388,4.080763932336475,16.142440451010533,23.61812997259807,36.22939304016779,260.5783837144211,0.8938287390807718,"[20.442626791860924, 533.3909551087615, 1.358123373056777, 166.28892711490596, 65.58404472053235, 235.79855798925377, 0.08732022885951889, 0.12041809409858238, 0.14132460108447364, 0.22999764956023885, 0.03477138370894067, 0.16027686578438588, 0.14263855195627625, 0.30510640995998073, 0.13119796078025014, 0.8549160201164899, 0.3022114553756512, 0.7539813987667859, 0.7163774923111793, 0.7683135751758227, 0.17312625779439395, 1.406847142926609, 0.7569850828842539, 1.310781565902082, 3.5029571553985606, 5.731792115679852, 6.460676515632437]",0.9278022078001636
1598627217,114,2,266.402165525117,26.00464999851405,24.6745561637092,4.658952127396797,16.496068862985876,23.550834327148575,39.15109492260394,272.12028793237215,0.8760097410258173,"[18.781310872966124, 532.047560142842, 0.7698509805291849, 234.36198639532935, 97.07039423234565, 193.31329461844865, 0.24113361563255392, 0.14276824648887315, 0.15479899176234324, 0.11242758306246668, 0.15200398904562396, 0.12319026407748768, 0.308828499094828, 0.149932018190311, 0.22230738242990872, 0.10577958002342869, 0.052031658304004136, 0.658643633289606, 0.5734873623236523, 0.05320032011223619, 0.579163949994652, 1.8960505949139288, 1.7436695665074242, 0.3849877338303864, 4.094557586046715, 7.26127011287304, 7.27017714093119]",0.9289885090496139
1598627804,74,7,294.2547796018154,27.53877533260124,25.800810010158283,5.012839810337514,17.27729393050173,24.046983876690987,42.39258173272744,298.50488556095195,0.8562936006536306,"[21.431853673176995, 569.1462861555556, 2.817045813856924, 128.4940827739896, 158.07062948869998, 162.23864312375593, 0.2426742056611799, 0.2474781046925019, 0.04008835461561223, 0.23460887395739483, 0.18170471802071456, 0.13589462588363044, 0.4746711732346015, 0.19803876300658374, 0.4370404883761765, 0.9933547230878962, 0.13039040126976809, 0.9606268219816995, 0.5206683795114923, 0.6724047276093373, 0.20640075401356262, 0.8947891423364442, 1.9492912713666668, 0.7459696963232358, 8.385664666500002, 0.9995518447545036, 4.000923338535657]",0.9597177536120496
1598628020,122,12,316.8693724362125,44.111942471928245,26.319041591485085,5.033631616540845,18.248529437409637,25.104591251913472,41.35172936548596,333.00882662800603,0.8434676041571045,"[11.206583859318906, 513.2564412341333, 2.310417289495372, 197.31592736347207, 185.99576719196403, 70.73538585133699, 0.13188478891887942, 0.21491969643822662, 0.24899948977963177, 0.09914495326911105, 0.06843551676290764, 0.04108308688158614, 0.10941491343712113, 0.4501227805833846, 0.16220104716291495, 0.4025471971278718, 0.35529414791305414, 0.9265805198456214, 0.3996274084135767, 0.22014057735183978, 0.8472432064176295, 1.0651227858062706, 0.9715507212668157, 0.35144526598773984, 8.321964096621448, 3.007680342376645, 7.706531187955523]",1.014478461411136
