1,5,"[3, 3, 3]",5,3,1.525313091125,0.3275575685716972,1.2395493282680048,0.1,"[0.60295736 0.32591628 0.95188196 0.44768649 0.60259266 0.11824814
 0.9384276  0.07317394 0.769176  ]","[[0.00505767 0.00883909]
 [0.00657835 0.00460488]
 [0.00886362 0.00225889]
 [0.00342536 0.0067944 ]
 [0.00500115 0.00315784]
 [0.00059108 0.00381343]
 [0.00767014 0.00741272]
 [0.00717701 0.00983894]
 [0.0066365  0.00464957]]",26.31700873374939,1.3741375202770583,29.06005607239914,21.497086803189507,16.576151949471118,0.7120146837182229,462.12474102386443,16.773085690391333,365,3
1,5,"[3, 3, 3]",5,3,1.0343694352163548,0.08666198827590801,0.9186686784088689,0.1,"[0.45858166 0.65868813 0.06984803 0.02450027 0.93871562 0.97937531
 0.24838354 0.46971221 0.17961989]","[[3.33620991e-03 1.32916482e-03]
 [3.96396198e-03 9.98256373e-03]
 [3.34733758e-04 2.65335323e-03]
 [9.20585505e-03 5.08014146e-03]
 [6.03445853e-03 4.55147465e-03]
 [3.77437337e-03 2.13616368e-03]
 [5.91209257e-03 3.65362015e-05]
 [2.39654803e-03 1.98253707e-03]
 [9.05075638e-03 6.82152987e-03]]",121.6351728439331,0.9456339719550304,21.186593440135535,14.885416325000962,11.40713514943399,0.893273866748829,221.57561916860513,12.43105708875745,365,3
1,5,"[3, 3, 3]",5,3,0.992680194588194,0.05519849022614402,0.922010247106943,0.1,"[0.07770961 0.65588637 0.54530172 0.11163499 0.09445629 0.8814885
 0.86878996 0.47693153 0.08571358]","[[0.00975701 0.00204719]
 [0.00866699 0.00132923]
 [0.00312158 0.00918015]
 [0.00457526 0.00615037]
 [0.00302033 0.00149386]
 [0.00989565 0.00775496]
 [0.00336744 0.00674465]
 [0.00351611 0.00581329]
 [0.00656487 0.00228131]]",94.17134976387024,0.942541567738767,21.136819777348915,14.836056467966738,11.369831632557723,0.8965370360162803,220.1085715206977,12.47627385975231,365,3
1,5,"[3, 3, 3]",5,3,1.6556904709669136,0.20820097749302155,1.3893019951131527,0.1,"[0.70875506 0.97276328 0.03738873 0.0789714  0.02686998 0.05911513
 0.51382401 0.02675838 0.56281742]","[[0.0056101  0.00342837]
 [0.00591729 0.00865807]
 [0.00865533 0.0040168 ]
 [0.00279506 0.00613025]
 [0.00769958 0.00882855]
 [0.00502809 0.00149307]
 [0.00722886 0.00709637]
 [0.0037418  0.00359202]
 [0.00486494 0.00257714]]",806.7900695800781,1.5498581208229574,31.81808362140718,24.442469117297684,18.69586073576047,0.41414584261317,597.434296550051,18.799478877073135,365,2
1,5,"[3, 3, 3]",5,3,2.2659173968751034,0.3655396453196502,2.9299869524215345,0.1,"[0.18944248 0.21296963 0.86799492 0.40164511 0.02723231 0.67010447
 0.84331647 0.95753221 0.14482943]","[[0.00580492 0.00087122]
 [0.00613079 0.0087074 ]
 [0.00559429 0.00800685]
 [0.00856139 0.00725513]
 [0.00141662 0.00370531]
 [0.00995397 0.00087096]
 [0.00528408 0.00830939]
 [0.00074735 0.00384445]
 [0.00355296 0.00461007]]",17.716758728027344,3.0868196110948043,63.844705956852266,45.18880179454752,37.23615006436782,0.17977982097714573,2042.0278076269012,39.647411445387235,365,3
1,5,"[3, 3, 3]",5,3,1.064839071169224,0.15031725420762282,0.9241848866798088,0.1,"[0.97743765 0.08200847 0.98742607 0.12144527 0.97708328 0.67083916
 0.27461891 0.46786051 0.07714167]","[[0.00427288 0.0048001 ]
 [0.00079796 0.00305941]
 [0.00432288 0.00564265]
 [0.00090679 0.00635501]
 [0.00998332 0.00078755]
 [0.00308659 0.00087558]
 [0.00489216 0.00851389]
 [0.00462598 0.0075994 ]
 [0.00835229 0.00924428]]",506.6754894256592,0.9499418672774047,21.272551851454317,14.819573939595243,11.459101074526913,0.9043225664665495,219.61977175113046,12.5057002125965,365,3
1,5,"[3, 3, 3]",5,3,1.1382950723253584,0.1976929998752681,0.9475763085048532,0.1,"[0.16633599 0.12352805 0.45531555 0.20945391 0.59464912 0.4189814
 0.01959226 0.86812831 0.34870363]","[[0.00766863 0.00265482]
 [0.00348408 0.00916953]
 [0.00463267 0.00269936]
 [0.00072809 0.00380029]
 [0.00765997 0.00155781]
 [0.00627635 0.00443228]
 [0.00378472 0.00899253]
 [0.00020973 0.00590584]
 [0.00838745 0.00564884]]",97.42772173881531,0.9939272575816116,22.322410686103094,15.419625094174908,11.989694630470515,0.8912636479539975,237.76483804490852,12.822223576164271,365,3
1,5,"[3, 3, 3]",5,3,1.5251805934787537,0.4029239824026407,1.1860171585747337,0.1,"[0.80519739 0.58324687 0.82885132 0.66000436 0.93953582 0.90962671
 0.13465343 0.46484463 0.05244169]","[[0.00028921 0.00727167]
 [0.00918153 0.00770655]
 [0.00369546 0.00460286]
 [0.0036646  0.00211504]
 [0.0031903  0.0084628 ]
 [0.00550965 0.00786922]
 [0.00351889 0.00378251]
 [0.00085375 0.00990852]
 [0.00565098 0.00962365]]",170.7568461894989,1.2419305646043497,26.573525166313356,19.787506491017588,14.981346077664375,0.751062489536525,391.54541313206323,16.048709782969866,365,3
1,5,"[3, 3, 3]",5,3,1.1761994399422162,0.1445765123873533,0.9772594832630245,0.1,"[0.47634402 0.4685647  0.72390508 0.26578705 0.26114792 0.39382832
 0.34732481 0.37892862 0.96714614]","[[0.00702316 0.00248029]
 [0.00954955 0.00165019]
 [0.003596   0.00047457]
 [0.00649894 0.00604066]
 [0.00029169 0.00406871]
 [0.00299263 0.00521021]
 [0.00301292 0.00459388]
 [0.00653188 0.00740818]
 [0.00034891 0.0015015 ]]",132.8467161655426,1.052870110211909,23.054649871579542,16.345760267393857,12.700719303851164,0.8607058390775641,267.1838787191117,13.223884423721941,365,3
1,5,"[3, 3, 3]",5,3,1.365341429317929,0.5322986030908425,0.9172330814175809,0.1,"[0.45272303 0.80198834 0.70918076 0.36003011 0.18093661 0.60451723
 0.84552588 0.22500138 0.26357784]","[[0.0045018  0.00891502]
 [0.00343923 0.00924098]
 [0.0054758  0.0012955 ]
 [0.00429725 0.00782879]
 [0.00943985 0.00891841]
 [0.0074872  0.00837925]
 [0.00167351 0.00956907]
 [0.00770744 0.00589127]
 [0.00918782 0.00482556]]",35.380749464035034,0.9587127783334333,21.586752471951375,14.988797934929176,11.564904134449701,0.8980410872148306,224.66406353413714,12.411631164510137,365,3
1,5,"[3, 3, 3]",5,3,1.7475348206347645,0.17179758657175329,1.4807762646765077,0.1,"[0.86969377 0.89961836 0.44478175 0.28714414 0.56646596 0.70545901
 0.01240504 0.0087381  0.40542768]","[[0.00438334 0.00665207]
 [0.00263966 0.00327612]
 [0.00937231 0.00971354]
 [0.00609136 0.00069693]
 [0.00201908 0.00545194]
 [0.00702768 0.00992699]
 [0.00594049 0.00420703]
 [0.00812241 0.00846121]
 [0.00959313 0.00945484]]",58.43202066421509,1.6261904800021352,33.19984482327192,25.581887829214594,19.616654153991668,0.18498099875647933,654.4329849065177,20.03727210309663,365,3
1,5,"[3, 3, 3]",5,3,1.0469678632618045,0.12939927370421422,0.9362871716737835,0.1,"[0.845006   0.3018343  0.29671019 0.94700334 0.95274189 0.62205235
 0.60088828 0.37410592 0.4632563 ]","[[0.00276115 0.00017501]
 [0.00521849 0.00201258]
 [0.00374776 0.00965819]
 [0.00462538 0.00090347]
 [0.00961947 0.00096628]
 [0.00840334 0.00371742]
 [0.00969617 0.00431735]
 [0.00481215 0.00849849]
 [0.00264111 0.00714792]]",94.98797583580017,0.9625999956515567,21.610726249655364,14.99046063201255,11.611795441888013,0.9009345102808672,224.71390995991808,12.669463492220968,365,3
1,5,"[3, 3, 3]",5,3,1.5115032289364851,0.3660687081242091,1.1577679043309692,0.1,"[0.92029939 0.66147148 0.33418561 0.42833958 0.97734444 0.33709201
 0.99641282 0.55756049 0.60009473]","[[0.00423373 0.00474979]
 [0.00034469 0.00144184]
 [0.00402231 0.00975823]
 [0.00509958 0.00502316]
 [0.00637532 0.00933144]
 [0.0017273  0.00187415]
 [0.00152141 0.00798877]
 [0.00637018 0.00130857]
 [0.00658077 0.00229409]]",70.71571207046509,1.2506919336833082,27.003971749965316,19.53446112412636,15.087034033196607,0.7892063467837229,381.59517141000407,15.666452174244943,365,2
1,5,"[3, 3, 3]",5,3,1.0050120675959755,0.07056182606542173,0.928486155204648,0.1,"[0.337446   0.50095849 0.62797763 0.53273465 0.52449808 0.47399171
 0.75928755 0.1142116  0.50172544]","[[0.0010275  0.00586346]
 [0.00124782 0.00477922]
 [0.00066594 0.00269883]
 [0.00974554 0.00705439]
 [0.00496274 0.00011715]
 [0.00534511 0.00595729]
 [0.00376859 0.00923079]
 [0.00551335 0.00378104]
 [0.00379259 0.00954595]]",44.12994408607483,0.9668770731638759,21.547865459961425,15.068939695296224,11.663389613284755,0.8917547150286254,227.07294354047426,12.563903257767214,365,3
1,5,"[3, 3, 3]",5,3,1.123085796626035,0.12559835068043274,1.0582373887737535,0.1,"[0.6921396  0.68451679 0.79596237 0.45511823 0.82192948 0.39023864
 0.09905653 0.88762162 0.97554373]","[[0.00625593 0.0078798 ]
 [0.00087566 0.0015975 ]
 [0.0063994  0.00625238]
 [0.00803572 0.00468182]
 [0.00016133 0.00642576]
 [0.00396214 0.00996527]
 [0.00850872 0.00523797]
 [0.00992766 0.00180649]
 [0.00488741 0.00452561]]",46.913190603256226,1.0625750069062463,24.586753083466377,16.14178015921981,12.817788985659156,0.9041347536489617,260.5570667085823,14.319645049930921,365,3
1,5,"[3, 3, 3]",5,3,1.0553721246227357,0.08382398522108607,0.9527125283912078,0.1,"[0.1945273  0.86406892 0.47625478 0.79214385 0.1048997  0.30139392
 0.44210266 0.36301754 0.45674424]","[[0.00393088 0.00800387]
 [0.00985912 0.00243722]
 [0.00607996 0.00190771]
 [0.0024102  0.00028066]
 [0.00903063 0.00202407]
 [0.00461752 0.00200579]
 [0.00031268 0.00064268]
 [0.00024203 0.00480425]
 [0.00791979 0.00428683]]",50.79730296134949,0.9048271984912671,20.43706209904309,14.162911900469025,10.914885088925779,0.916767839746244,200.5880735004471,12.891724849178466,365,3
1,5,"[3, 3, 3]",5,3,1.112112160764676,0.12342268119309514,0.9660573639696679,0.1,"[0.07553855 0.84222246 0.56661258 0.41439713 0.01369822 0.57449408
 0.37399338 0.79896    0.70102647]","[[4.36738325e-06 2.55236021e-03]
 [4.52393462e-03 6.04223819e-03]
 [5.39408681e-03 1.85234086e-03]
 [5.55307487e-04 5.65943329e-03]
 [3.10970601e-03 6.17734858e-04]
 [1.10396388e-03 7.97692780e-03]
 [3.31982896e-03 5.32812516e-03]
 [8.37789143e-03 1.38263820e-03]
 [8.45293806e-03 7.87877044e-03]]",523.504640340805,1.0442738919417869,23.26381372493281,15.962462640249305,12.59702355423825,0.8827486236051645,254.8002135413548,13.072301826291957,365,3
1,5,"[3, 3, 3]",5,3,1.5365852685190735,0.3025631717847532,1.2186377246405047,0.1,"[0.61792901 0.91035483 0.43207587 0.80773336 0.73892505 0.34611634
 0.83151142 0.43297653 0.50538403]","[[0.00659752 0.00641436]
 [0.00520571 0.00516367]
 [0.007344   0.00658604]
 [0.00494814 0.00231017]
 [0.00256506 0.00027422]
 [0.00642524 0.00433497]
 [0.00740781 0.00663186]
 [0.0066621  0.00865427]
 [0.00429281 0.00109032]]",30.360686540603638,1.3018869007327767,27.757657317419493,20.56243003988833,15.704596351623847,0.7201296168554523,422.813529145302,16.490118234745452,365,3
1,5,"[3, 3, 3]",5,3,1.859607381962827,0.1246030766555599,1.594762731524386,0.1,"[0.04531962 0.39837345 0.31106044 0.24256647 0.91360802 0.01444161
 0.06836239 0.31996062 0.36116319]","[[0.00529919 0.00580174]
 [0.00995942 0.0097764 ]
 [0.00721187 0.0020416 ]
 [0.00454496 0.00300934]
 [0.00558801 0.0019825 ]
 [0.00234443 0.00772934]
 [0.00962892 0.00374006]
 [0.00363238 0.00936709]
 [0.00981571 0.00223469]]",782.8584785461426,1.742092989403613,35.1743081704434,27.06985715530311,21.014780308626133,0.0026772946092725736,732.7771664085151,21.57969137789538,365,3
1,5,"[3, 3, 3]",5,3,1.3719176199687586,0.34606537100841456,1.1289015607916806,0.1,"[0.08253145 0.81134771 0.79370805 0.95554291 0.54834374 0.73394514
 0.19824139 0.28784352 0.09555989]","[[0.00901814 0.00339047]
 [0.00023221 0.00589209]
 [0.00664204 0.00395524]
 [0.00469686 0.00581912]
 [0.00684695 0.00413909]
 [0.00900581 0.00786818]
 [0.00642887 0.00087268]
 [0.00705901 0.0018705 ]
 [0.00403647 0.00366303]]",943.2591528892517,1.2118794130735107,26.325111158301777,17.951770985074674,14.618840544789228,0.8716462935710403,322.266081500569,15.275844360008703,365,2
1,5,"[3, 3, 3]",5,3,1.3267505512834898,0.15485542864221913,1.1665146524539736,0.1,"[0.7908277  0.4172647  0.93839762 0.4496282  0.75585739 0.19902763
 0.89884342 0.94191045 0.63189764]","[[4.15587336e-03 2.48108941e-03]
 [4.09404543e-06 5.29471654e-03]
 [7.17587876e-03 6.22314764e-03]
 [3.23533642e-03 2.75988447e-04]
 [7.10793269e-03 6.35633623e-03]
 [6.36986278e-03 4.47246048e-03]
 [8.98509245e-03 8.67994835e-03]
 [6.85888792e-03 7.65007420e-03]
 [7.53638593e-03 7.65833144e-03]]",49.42802286148071,1.2857169997147944,27.56161671096497,20.175709639602953,15.509539647089689,0.76297058655994,407.0592594615676,15.784809671146188,365,3
1,5,"[3, 3, 3]",5,3,1.1395047494392572,0.07030666980724966,1.0260088363577988,0.1,"[0.32499642 0.76798667 0.9164268  0.48927957 0.57027397 0.11785568
 0.93896655 0.11567365 0.28812246]","[[7.77075184e-03 8.84452170e-03]
 [7.66090337e-03 3.55976324e-03]
 [8.66395497e-03 1.69072367e-03]
 [8.70266182e-04 7.10500811e-04]
 [3.12723087e-05 8.59860236e-03]
 [4.56049651e-03 6.30005432e-03]
 [8.14477183e-03 1.12344213e-03]
 [5.38336427e-04 3.41650859e-03]
 [5.88329105e-03 2.33182319e-03]]",26.642140865325928,1.020546051787755,23.807120123716434,15.816285998827501,12.310795809182068,0.900921512804442,250.15490279670686,13.883541170059189,365,2
1,5,"[3, 3, 3]",5,3,1.8073735002131688,0.13414815627949314,1.5779840046618014,0.1,"[0.00809807 0.04978459 0.21971158 0.90599673 0.20290206 0.02717726
 0.97911324 0.90459375 0.46382612]","[[0.00556814 0.0011902 ]
 [0.0055477  0.00220103]
 [0.0015089  0.00699209]
 [0.00313087 0.00696559]
 [0.00096102 0.00676719]
 [0.0008441  0.00091131]
 [0.00013818 0.00993852]
 [0.00422145 0.0024954 ]
 [0.00724364 0.00226221]]",110.40898203849792,1.7176357303529357,34.697846524795615,26.65074039610632,20.71975362002377,0.015771152760389318,710.2619636606531,21.35264835748163,365,2
1,5,"[3, 3, 3]",5,3,1.1641064474100296,0.168556925966619,1.001191280132506,0.1,"[0.64644838 0.51690288 0.81866965 0.76347814 0.29414883 0.56071379
 0.05975765 0.69995423 0.55966042]","[[0.0062912  0.00529141]
 [0.00417114 0.00486289]
 [0.00320142 0.00670132]
 [0.00997505 0.00055684]
 [0.00215282 0.00403308]
 [0.00707787 0.00592984]
 [0.00112968 0.00459252]
 [0.00038825 0.00185504]
 [0.00833143 0.00631158]]",300.7443063259125,1.0700755313302308,23.643004637307577,16.265880431682664,12.90826743539075,0.8774899067015454,264.57886621779704,13.547719926241019,365,2
1,5,"[3, 3, 3]",5,3,1.460600876115076,0.23816396778151416,1.202091594616962,0.1,"[0.18437094 0.70064315 0.24961891 0.39723794 0.60171403 0.65327102
 0.75815796 0.01253741 0.4775512 ]","[[0.00888303 0.00521709]
 [0.00799903 0.00562469]
 [0.00404889 0.00532   ]
 [0.00996307 0.00893184]
 [0.00080664 0.00624085]
 [0.00081993 0.00793602]
 [0.00873612 0.00129138]
 [0.00683166 0.0030569 ]
 [0.00069898 0.00366605]]",82.84832668304443,1.3418552981832335,28.614935575244843,20.528624804699756,16.18673312435533,0.7566014140735084,421.4244363721341,16.26622262171888,365,2
1,5,"[3, 3, 3]",5,3,1.1426089339500314,0.20278535440385903,0.9572929076047999,0.1,"[0.32803234 0.64814047 0.11660107 0.39641274 0.77869081 0.49452575
 0.38511693 0.14291109 0.76407325]","[[0.00811748 0.00312576]
 [0.0088532  0.002024  ]
 [0.00907432 0.00914606]
 [0.00860341 0.0031092 ]
 [0.00249403 0.00586551]
 [0.00777675 0.00923187]
 [0.00488401 0.00607068]
 [0.00307786 0.00556742]
 [0.00377606 0.00959213]]",74.7036657333374,1.0129282877688335,22.407428227470515,15.918694154757732,12.218903104100121,0.8661331763568204,253.40482359271797,12.953704708545109,365,3
1,5,"[3, 3, 3]",5,3,1.1634999150930028,0.10184701396066265,1.0257263048133307,0.1,"[0.84954241 0.21957925 0.12376455 0.28495785 0.58545182 0.38127237
 0.15249019 0.73424221 0.75555595]","[[0.00150516 0.00402616]
 [0.00388042 0.00489448]
 [0.00379007 0.00647738]
 [0.00750801 0.00384417]
 [0.00278305 0.00511139]
 [0.00201198 0.00204048]
 [0.00317712 0.00614115]
 [0.00219868 0.00696186]
 [0.00630628 0.00430257]]",209.2511169910431,1.0667974462646985,23.822733882474616,16.44356001037906,12.868724059747677,0.8832767779714321,270.3906658149374,13.879718066212064,365,3
1,5,"[3, 3, 3]",5,3,1.8769820184553199,0.17361286651610366,1.568370391191253,0.1,"[0.56643317 0.48431412 0.35061853 0.68241929 0.54640596 0.4237721
 0.31110764 0.66958768 0.1968766 ]","[[0.00128027 0.00675093]
 [0.00641534 0.00966929]
 [0.00555609 0.00307369]
 [0.0097639  0.00645972]
 [0.00306853 0.00025862]
 [0.00144217 0.00378267]
 [0.00521154 0.0024645 ]
 [0.0050905  0.00068946]
 [0.00902265 0.00336405]]",39.822656869888306,1.718877105095498,34.82876492592568,26.827386593459355,20.734728261248033,0.0,719.7086714349227,21.22256078544356,365,3
1,5,"[3, 3, 3]",5,3,1.578150587461925,0.3950286119515045,1.0932014614867993,0.1,"[0.81090178 0.5345378  0.85944577 0.15049274 0.85305504 0.68421206
 0.96411015 0.80988889 0.7013496 ]","[[0.0086339  0.00156558]
 [0.00564204 0.00484303]
 [0.00814513 0.00717045]
 [0.00605862 0.00411266]
 [0.00264673 0.00145836]
 [0.00055382 0.0058718 ]
 [0.00698046 0.00763967]
 [0.00197597 0.00765452]
 [0.00404351 0.00096505]]",118.42750358581543,1.1944659528794936,25.505450046221522,18.11134458959568,14.408782848319449,0.8399621536243979,328.02080284307675,14.792764896254772,365,3
1,5,"[3, 3, 3]",5,3,1.528210093714898,0.2895126637463214,1.2033632872228288,0.1,"[0.55438969 0.59929674 0.7189797  0.65219893 0.09391993 0.38265487
 0.15412859 0.66361076 0.503063  ]","[[0.00438162 0.00835514]
 [0.00791215 0.00352912]
 [0.00733478 0.00935216]
 [0.0091777  0.00580952]
 [0.00957828 0.00067185]
 [0.00953544 0.00258276]
 [0.00415288 0.00033105]
 [0.00517163 0.00718142]
 [0.00845645 0.00736284]]",821.0943064689636,1.337505521188022,28.421976544596188,20.719545366091438,16.1342619827447,0.7380198910087651,429.2995601775212,16.28343065738443,365,2
1,5,"[3, 3, 3]",5,3,1.1195082320544198,0.13960274801593986,0.9684920918966544,0.1,"[0.37927167 0.7791255  0.09820494 0.1347144  0.77658893 0.86198395
 0.12945902 0.5219054  0.92646785]","[[0.0097992  0.00283534]
 [0.00526324 0.00756173]
 [0.00363897 0.00379016]
 [0.0012027  0.00028455]
 [0.00263625 0.00765617]
 [0.00806948 0.00749114]
 [0.0008458  0.00861893]
 [0.00167516 0.00458969]
 [0.00583103 0.00580769]]",377.78381061553955,1.0304871438918783,22.730909597123862,16.245408680082942,12.430714704365435,0.8529943197504071,263.91330318291415,13.105247590708768,365,2
1,5,"[3, 3, 3]",5,3,1.0258655404117907,0.10449917115071122,0.9209833718440215,0.1,"[0.22946632 0.38398721 0.33807874 0.85648943 0.34658215 0.66427538
 0.69807237 0.33148106 0.71336304]","[[0.00427169 0.00842673]
 [0.00476228 0.00994252]
 [0.00518191 0.00078355]
 [0.0072066  0.00409559]
 [0.00598563 0.00515762]
 [0.00497521 0.00862828]
 [0.00809415 0.00935382]
 [0.00490991 0.00698097]
 [0.00820321 0.0051461 ]]",141.70495581626892,0.9477612332163452,21.303755318259967,14.872209950798803,11.432796195277982,0.8967810286356935,221.1826288206389,12.46237859444456,365,2
1,5,"[3, 3, 3]",5,3,1.3426482763246452,0.4796708170840379,0.9310227365282241,0.1,"[0.24053698 0.66714842 0.52805162 0.51616029 0.95910903 0.43708913
 0.9560001  0.44331685 0.88588701]","[[0.00015108 0.00626261]
 [0.00784174 0.00235391]
 [0.00879836 0.00915313]
 [0.00587255 0.00247923]
 [0.00648164 0.00426988]
 [0.00600955 0.0025831 ]
 [0.00568915 0.00867502]
 [0.00902315 0.00285563]
 [0.00771083 0.00280218]]",60.96230411529541,0.9038828050254233,20.367807538698553,14.300619620387382,10.903492917939312,0.9119520804206025,204.50772152700856,12.598227261605317,365,3
1,5,"[3, 3, 3]",5,3,1.0510875367535617,0.10448117339666178,0.9354815145245564,0.1,"[0.84847032 0.33191541 0.17759874 0.29479439 0.05148406 0.87016413
 0.99620016 0.57338174 0.29266264]","[[0.00475934 0.00169678]
 [0.00755208 0.00310891]
 [0.00383743 0.00491108]
 [0.00781839 0.0050664 ]
 [0.00458667 0.00076624]
 [0.00988117 0.00432119]
 [0.00442282 0.00130232]
 [0.00123816 0.00583543]
 [0.00428443 0.0014646 ]]",283.29442286491394,0.9605928808522757,21.572286267388954,14.919310509786712,11.587583716786288,0.9021510944955023,222.58582608743222,12.658561661940487,365,2
1,5,"[3, 3, 3]",5,3,1.5536710513654792,0.4066107329121732,1.2169142637698391,0.1,"[0.67158874 0.09433625 0.18549188 0.29555975 0.42777021 0.29489573
 0.62924033 0.14373241 0.41333397]","[[0.00710804 0.00734772]
 [0.00588562 0.00944012]
 [0.00387448 0.00302277]
 [0.00214842 0.00451397]
 [0.00714459 0.00724651]
 [0.00816615 0.00605904]
 [0.00100731 0.00035382]
 [0.00492808 0.00388559]
 [0.00653268 0.00672474]]",47.32402443885803,1.3033812945366572,27.951284936764004,20.10161522908939,15.722623149087667,0.7265172746951318,404.07493481835854,16.466797051627953,365,2
1,5,"[3, 3, 3]",5,3,1.1396235458238344,0.09292414606585139,1.0405456967072986,0.1,"[0.27142884 0.21122046 0.47880905 0.14934228 0.82261526 0.45793794
 0.90473197 0.84302982 0.15113047]","[[0.00229789 0.0032582 ]
 [0.00632041 0.0035212 ]
 [0.00369158 0.00052146]
 [0.00992757 0.00333493]
 [0.00582053 0.00134899]
 [0.00747324 0.0027028 ]
 [0.00705572 0.00561085]
 [0.00135918 0.0033363 ]
 [0.00821723 0.00989327]]",44.00518035888672,1.1092041887198192,25.09211841341712,16.554679303599112,13.380274465908219,0.8905763367707554,274.0574068450128,14.080248149564481,365,3
1,5,"[3, 3, 3]",5,3,1.4655816831774529,0.12939341038409438,1.4427821188324257,0.1,"[0.22997071 0.33548618 0.66811093 0.36230007 0.81558476 0.07384102
 0.33185049 0.11213475 0.33708676]","[[0.00428631 0.00844276]
 [0.007346   0.00367974]
 [0.00876104 0.00562199]
 [0.00044594 0.00189029]
 [0.0013364  0.00446342]
 [0.00163021 0.0019485 ]
 [0.00843807 0.00896609]
 [0.00896248 0.00167056]
 [0.00145808 0.00354648]]",937.5645716190338,1.536283425638916,39.90054306444916,22.505864406906873,18.53210986896727,0.8703197315600673,506.5139327020776,19.52315051919285,365,2
1,5,"[3, 3, 3]",5,3,1.0206959876212702,0.10222883794950695,0.9470429595006423,0.1,"[0.94097704 0.28103255 0.45764103 0.52337236 0.4346372  0.75850926
 0.12808289 0.15942818 0.16540426]","[[0.00730902 0.00888484]
 [0.0030798  0.00445564]
 [0.00452877 0.00524462]
 [0.00965173 0.00272151]
 [0.00694226 0.0086832 ]
 [0.00518373 0.0022037 ]
 [0.00666887 0.0089323 ]
 [0.00344943 0.00703576]
 [0.0093111  0.00520771]]",249.8501374721527,0.9780365994571837,21.811488715535273,15.17636232830113,11.798006418948201,0.8891938284426292,230.3219735198777,12.815006510778892,365,2
1,5,"[3, 3, 3]",5,3,1.0125237912382172,0.08359107678763951,0.9295534580277544,0.1,"[0.13297077 0.02927379 0.43946027 0.17447625 0.25966665 0.80780238
 0.73330228 0.5980836  0.36540311]","[[0.00289987 0.00905491]
 [0.00617276 0.00238034]
 [0.00317424 0.00568075]
 [0.0053753  0.00814707]
 [0.0085041  0.00433637]
 [0.00655232 0.00755182]
 [0.00886902 0.00287129]
 [0.00644256 0.00291972]
 [0.00395476 0.00368528]]",40.10323715209961,0.9696911908914121,21.59718979392176,15.14028922620498,11.697336174212612,0.8895997556793716,229.22835785313856,12.57834557264836,365,3
1,5,"[3, 3, 3]",5,3,1.3506196873503027,0.4663198162503424,0.9738938932999439,0.1,"[0.60129899 0.45169079 0.28728472 0.50822915 0.92666956 0.2888235
 0.07831957 0.82970773 0.49749898]","[[0.00979849 0.00350482]
 [0.00403202 0.00357341]
 [0.0046166  0.00867477]
 [0.00976078 0.00839625]
 [0.00237904 0.00263604]
 [0.00831299 0.00488376]
 [0.00230559 0.00069185]
 [0.00170565 0.00657663]
 [0.00845536 0.00183591]]",63.75327014923096,0.905730413106639,20.602774499467316,14.190515571875961,10.925780521505459,0.9153101986701762,201.37073219565414,13.17834260657752,365,3
1,5,"[3, 3, 3]",5,3,1.1162148014004378,0.14558103381857773,1.0034945832463174,0.1,"[0.48084503 0.80571629 0.3361734  0.53156718 0.21331456 0.90009399
 0.07010362 0.22603827 0.15553358]","[[0.00446194 0.00167977]
 [0.00967903 0.0055277 ]
 [0.00406503 0.00212664]
 [0.00555353 0.00510072]
 [0.00235875 0.00113131]
 [0.00527744 0.00110153]
 [0.00120872 0.00150662]
 [0.0067571  0.00179682]
 [0.00569659 0.00613558]]",89.65083527565002,1.0451631249960835,23.554052292627865,15.904587745182493,12.607750327948308,0.894026808112172,252.95591134420914,13.578887302655868,365,3
1,5,"[3, 3, 3]",5,3,0.9890966088344125,0.05541852778140457,0.9199507439904336,0.1,"[0.69400178 0.52489068 0.68233223 0.04793431 0.64920587 0.44960146
 0.52420536 0.37511705 0.0653513 ]","[[0.00659851 0.00112871]
 [0.00468413 0.00757389]
 [0.00523476 0.00788315]
 [0.00818373 0.00749491]
 [0.00110671 0.00315908]
 [0.00561145 0.00748725]
 [0.00440248 0.00162903]
 [0.00119735 0.00191612]
 [0.00691391 0.00880061]]",339.4430136680603,0.9404384069405453,21.094368834691345,14.817731745380128,11.344461309390603,0.897896603778103,219.565174078046,12.44840548738095,365,2
1,5,"[3, 3, 3]",5,3,1.0620637610880912,0.0860212988819278,0.9440013147021556,0.1,"[0.59381207 0.85722743 0.22638536 0.6096479  0.08616195 0.20101677
 0.78866782 0.99241879 0.75684473]","[[0.00732813 0.00407019]
 [0.00462389 0.00238947]
 [0.00125753 0.0079746 ]
 [0.00636915 0.00895032]
 [0.00715817 0.00475827]
 [0.00591745 0.00974217]
 [0.0080409  0.00421734]
 [0.00052595 0.00852415]
 [0.00196737 0.00951109]]",195.90279006958008,0.9631723982979736,21.819635024631353,14.950426368174917,11.618700306287154,0.9057221770098676,223.51524859021984,12.773848190023688,365,2
1,5,"[3, 3, 3]",5,3,1.7118334013346441,0.21502026243125458,1.399495947547601,0.1,"[0.02234077 0.87803105 0.94813902 0.81462778 0.70783102 0.39554302
 0.29023627 0.25062412 0.44249901]","[[0.0044907  0.00684524]
 [0.00812775 0.00433672]
 [0.00340355 0.00729491]
 [0.00640909 0.00380427]
 [0.00206378 0.00518641]
 [0.0008968  0.00714389]
 [0.00557245 0.00275653]
 [0.00336819 0.00360958]
 [0.00726601 0.00841668]]",121.16883420944214,1.5342432277146243,31.64077893452039,24.021771979830596,18.507499063788735,0.3598356958478548,577.0455290509743,18.937419363835115,365,2
1,5,"[3, 3, 3]",5,3,1.285852679519981,0.03220258066970918,1.3198528994153857,0.1,"[0.69206763 0.76444399 0.6768855  0.86386624 0.59489208 0.2004026
 0.1598703  0.37424397 0.2881266 ]","[[0.00608318 0.00686336]
 [0.00600935 0.00019902]
 [0.00564109 0.00919284]
 [0.00043493 0.00657355]
 [0.00839238 0.00558264]
 [0.0039261  0.00418726]
 [0.00206029 0.00450016]
 [0.00408083 0.00851061]
 [0.00428273 0.00706686]]",60.97547125816345,1.395335570003128,32.82041520961041,20.069500579618204,16.831862959545955,0.8800667214689311,402.7848535152955,17.859721493729232,365,3
1,5,"[3, 3, 3]",5,3,2.238242613035815,0.16287692610975438,1.8949883224933204,0.1,"[0.82066575 0.29924129 0.6548082  0.30722797 0.29806945 0.25635447
 0.73043094 0.64853828 0.87995045]","[[6.01518361e-03 3.23638590e-03]
 [1.87079831e-03 8.29771263e-03]
 [6.44704654e-03 9.70494647e-03]
 [1.87934644e-04 8.73735355e-03]
 [1.63368448e-03 7.88668494e-03]
 [1.10077281e-03 7.04804668e-03]
 [9.23512260e-03 3.40058020e-03]
 [8.31833975e-03 9.79300763e-03]
 [4.47541592e-05 2.51623395e-04]]",26.06440496444702,2.1013118667874187,41.30815047217494,31.394137932849258,25.348019600012222,0.2953091661263868,985.5918965467647,25.642223984650613,365,3
1,5,"[3, 3, 3]",5,3,1.0525346515015583,0.11456062316541142,0.9524616125150638,0.1,"[0.57380917 0.0354778  0.83139735 0.85071002 0.60266202 0.93107172
 0.6027655  0.17304928 0.5896001 ]","[[0.00072147 0.00931355]
 [0.00104054 0.00032664]
 [0.00507287 0.00211163]
 [0.00738864 0.00504646]
 [0.0086675  0.00914307]
 [0.00197351 0.00463967]
 [0.00535997 0.00793516]
 [0.00410895 0.00218212]
 [0.005816   0.00925616]]",65.06035327911377,0.9941548447586637,22.277956836570734,15.427690681107869,11.992440003166404,0.8875763302575337,238.01363975194258,12.888329555908836,365,2
1,5,"[3, 3, 3]",5,3,1.618016406035216,0.12642261827798118,1.3363847329842524,0.1,"[0.74710505 0.16965315 0.96894875 0.01725271 0.79463238 0.69056953
 0.7501875  0.00559017 0.69693825]","[[7.04412754e-04 7.31746285e-03]
 [7.24788053e-03 1.32902045e-04]
 [3.99912297e-03 9.37642384e-03]
 [8.10445683e-03 7.59379050e-03]
 [4.71707933e-03 7.51596404e-05]
 [1.26254925e-03 9.24148650e-03]
 [6.22997820e-03 2.82649752e-03]
 [1.95646300e-03 6.64383304e-04]
 [4.66455017e-03 8.73606926e-03]]",122.52428960800171,1.4870714290057967,30.85589981042009,23.281272792327883,17.938468023162077,0.4334346592248084,542.0176628307865,18.08342365284971,365,2
1,5,"[3, 3, 3]",5,3,1.1441785172363044,0.09314839157399082,1.0593724437211776,0.1,"[0.23004882 0.6648992  0.82009868 0.39256039 0.16134825 0.24320726
 0.79174382 0.27717589 0.95760569]","[[0.0054566  0.00350907]
 [0.00866322 0.00544399]
 [0.00561346 0.00441382]
 [0.00150451 0.00095414]
 [0.00166174 0.00376058]
 [0.00605753 0.00405964]
 [0.00871545 0.00987641]
 [0.00177765 0.00198351]
 [0.0095533  0.00545648]]",90.2404146194458,1.0868533145792016,24.432750491102052,16.642285325630148,13.110656992772283,0.8974096840707652,276.96566085968453,14.335004159457487,365,2
1,5,"[3, 3, 3]",5,3,1.073067375571622,0.04328079606423132,0.9754714487113553,0.1,"[0.65679078 0.43545952 0.67196053 0.55453492 0.42565844 0.81089247
 0.51076139 0.71584663 0.20505466]","[[0.00678245 0.00932359]
 [0.00087429 0.00634693]
 [0.00578703 0.00080932]
 [0.00624943 0.0090509 ]
 [0.00282134 0.00597707]
 [0.00351451 0.00633576]
 [0.00109507 0.00856621]
 [0.00191921 0.00588562]
 [0.00583097 0.00410845]]",67.34311079978943,1.028682270037776,23.697459056596486,15.89778416762961,12.408942601636449,0.9001859806163087,252.73954144053468,13.199689455382574,365,2
