1,5,"[3, 3, 3]",5,5,0.7645428500742143,0.05005904323005691,0.769234534428227,0.1,"[0.59763026 0.77856264 0.78933945 0.79902018 0.71374321 0.5054888
 0.67270509 0.23056704 0.54820348]","[[0.00110957 0.00384434]
 [0.00334276 0.00631399]
 [0.00982197 0.00117046]
 [0.00867142 0.00054801]
 [0.00960132 0.00940545]
 [0.00021935 0.00279963]
 [0.00474012 0.00211018]
 [0.00126093 0.00203592]
 [0.00484685 0.00784036]]",129.19196724891663,0.5764112997158701,15.827885950047138,10.770138876401036,8.102779636461667,0.9672065040171394,115.99589141696497,10.780139172644054,365,3
1,5,"[3, 3, 3]",5,5,0.7594511970441342,0.042860473929829696,0.7447557579394484,0.1,"[0.20081676 0.69613304 0.32759474 0.99421538 0.63728463 0.8702079
 0.71903762 0.22670212 0.55983442]","[[0.00172417 0.00842371]
 [0.00198927 0.00295327]
 [0.00122144 0.00841373]
 [0.00129493 0.00236616]
 [0.0035535  0.00713908]
 [0.00974504 0.0068788 ]
 [0.00746465 0.00232128]
 [0.00845201 0.00491736]
 [0.00725823 0.00993416]]",159.0800004005432,0.5642577236056362,15.119701176368991,10.534425592187631,7.931933317063118,0.9674382735338932,110.97412255733774,10.437090849259526,365,3
1,5,"[3, 3, 3]",5,5,0.7553302979195697,0.03286923325068734,0.7318557585574629,0.1,"[0.2083763  0.49432284 0.6071932  0.11723757 0.50871361 0.93602189
 0.07207871 0.40196906 0.4054786 ]","[[6.32783677e-03 4.36467694e-05]
 [8.86922642e-04 8.35004964e-03]
 [7.31981775e-03 8.50190557e-03]
 [8.28989319e-03 3.65155078e-03]
 [9.09974996e-03 1.29349806e-03]
 [6.28566357e-03 4.97848556e-03]
 [9.33115743e-03 8.64754701e-03]
 [5.95312703e-03 4.16330684e-03]
 [9.50657458e-03 4.43874575e-03]]",310.7367022037506,0.5661162770835453,14.999383917579479,10.552886292728823,7.958059538532926,0.9667746737333067,111.3634091072639,10.256308808879355,365,2
1,5,"[3, 3, 3]",5,5,0.7676912472232782,0.04043187271515532,0.7593171742533201,0.1,"[0.47113304 0.30178117 0.63634961 0.21241541 0.39070807 0.33642224
 0.28244539 0.20791301 0.45186678]","[[0.00605127 0.00136488]
 [0.00597737 0.00846274]
 [0.00439103 0.00103136]
 [0.00940228 0.00919836]
 [0.00335351 0.002312  ]
 [0.00813119 0.00820413]
 [0.00425192 0.00654272]
 [0.00474604 0.00337782]
 [0.00667267 0.00525376]]",137.56500267982483,0.56358361035689,15.07992339393155,10.561694392773518,7.922457112992687,0.9683896177236297,111.54938844634358,10.641156173148067,365,3
1,5,"[3, 3, 3]",5,5,0.7736855323240264,0.050722502868375464,0.7595396989761477,0.1,"[0.51282292 0.95759269 0.55468959 0.67388239 0.88781491 0.70589604
 0.58215509 0.95554678 0.24886754]","[[0.00718954 0.00346052]
 [0.00435049 0.00538505]
 [0.00183044 0.00946749]
 [0.00400879 0.00085507]
 [0.00969749 0.00776878]
 [0.00943321 0.00054054]
 [0.00441581 0.00125749]
 [0.00824883 0.00442439]
 [0.00892238 0.0098715 ]]",270.9569981098175,0.5542108568677451,14.774009973124544,10.393588602567828,7.79070161800698,0.9697393817415582,108.02668403942786,10.644274659609701,365,2
1,5,"[3, 3, 3]",5,5,0.7731056733808195,0.03355430750454084,0.7633279387655925,0.1,"[0.42435074 0.16113076 0.53627089 0.10908084 0.89518364 0.65031584
 0.25357651 0.21328479 0.31727548]","[[0.00691156 0.00640463]
 [0.00219832 0.00716721]
 [0.00594473 0.00660035]
 [0.00782254 0.00308946]
 [0.00899971 0.0045714 ]
 [0.00666999 0.00046638]
 [0.00989271 0.00979772]
 [0.00867465 0.0010085 ]
 [0.00726608 0.00401721]]",173.1559979915619,0.5410197731464144,14.472171509930162,10.145212893215033,7.60527075533523,0.970853880215166,102.92534464865655,10.697363477547285,365,3
1,5,"[3, 3, 3]",5,5,0.7638924003741847,0.04559013239291446,0.7460046005643833,0.1,"[0.22146559 0.93720652 0.80151713 0.40713766 0.78565673 0.19684121
 0.02293777 0.79471456 0.1676608 ]","[[0.00865579 0.00468502]
 [0.00435527 0.00831734]
 [0.0030459  0.00542549]
 [0.00495713 0.00289058]
 [0.00085989 0.00821742]
 [0.00157911 0.00431743]
 [0.00667248 0.00464738]
 [0.00101559 0.00603327]
 [0.00972622 0.00281788]]",187.49299812316895,0.5456376339042983,14.745720142819852,10.192703980177434,7.670185353871798,0.9691287817327343,103.89121442752491,10.454592270086318,365,3
1,5,"[3, 3, 3]",5,5,0.7700248496036851,0.040960119046234054,0.7654932471227605,0.1,"[0.72865773 0.52801015 0.7417381  0.80157081 0.12321625 0.92901902
 0.30595742 0.99763248 0.17228753]","[[0.00869445 0.00292718]
 [0.00703039 0.00122678]
 [0.00189072 0.00091438]
 [0.00753087 0.00262709]
 [0.0005899  0.00813561]
 [0.00713535 0.00869435]
 [0.00286901 0.00496673]
 [0.0090673  0.0072992 ]
 [0.00100809 0.00887937]]",250.50499987602234,0.5715358213715277,15.1717561897447,10.755443850292377,8.0342436333229,0.9675031414447411,115.67957241679208,10.727708352091055,365,2
1,5,"[3, 3, 3]",5,5,0.7678092299751573,0.04154935622232143,0.7681868222826067,0.1,"[0.62201991 0.62262184 0.18835044 0.44459202 0.06719856 0.95514989
 0.16537378 0.20995147 0.6241026 ]","[[0.00265123 0.00199956]
 [0.00648906 0.00696908]
 [0.00027433 0.00301273]
 [0.00875212 0.00971655]
 [0.0085996  0.00249321]
 [0.00365494 0.00732991]
 [0.0075917  0.00047763]
 [0.00845569 0.00956113]
 [0.0012715  0.00846159]]",170.43800044059753,0.5555611513030816,14.772151390728084,10.416655282851737,7.809683095745647,0.9687418642697058,108.506707281763,10.765456416947117,365,3
1,5,"[3, 3, 3]",5,5,0.7741069781625702,0.022476476616809616,0.7335010014410621,0.1,"[0.58460539 0.02377274 0.89785355 0.15603114 0.8956078  0.83117165
 0.81172421 0.12267634 0.2819565 ]","[[0.00389724 0.0049377 ]
 [0.0040102  0.00125722]
 [0.0008661  0.00878643]
 [0.00021332 0.00144028]
 [0.00159116 0.0089266 ]
 [0.00576035 0.00477889]
 [0.00795589 0.00354145]
 [0.00358466 0.00080266]
 [0.00516388 0.00996976]]",255.9379961490631,0.5465305182456363,14.79069316490929,10.213123335678779,7.682736886193033,0.9693705533850435,104.30788826978642,10.27936542745822,365,2
1,5,"[3, 3, 3]",5,5,0.7903437308995415,0.05528029289598702,0.8211586975801324,0.1,"[0.13394724 0.42877587 0.56995793 0.46930882 0.69496504 0.4964349
 0.6566896  0.91723239 0.95124268]","[[0.00865304 0.00942555]
 [0.00426099 0.0039923 ]
 [0.0017865  0.0005667 ]
 [0.00747862 0.00742791]
 [0.00160186 0.00632486]
 [0.00178512 0.00273541]
 [0.00525621 0.00276387]
 [0.00152403 0.00010856]
 [0.00274779 0.00262939]]",164.08099961280823,0.5335254846164043,13.962589195054278,10.217301505062514,7.499921383245079,0.9709463749469961,104.39325004535272,11.507810227632087,365,3
1,5,"[3, 3, 3]",5,5,0.7764016430404788,0.04579359118706186,0.7323967454294856,0.1,"[0.73621844 0.79595153 0.22099468 0.13962238 0.1685321  0.92360268
 0.72935521 0.47882819 0.62639657]","[[7.51234761e-03 3.30273571e-03]
 [5.34998801e-04 3.34456792e-05]
 [5.98296001e-03 8.81772581e-03]
 [4.60961340e-03 1.91797342e-03]
 [4.43511403e-03 9.15937762e-03]
 [5.33738621e-03 5.83702670e-03]
 [6.07878791e-03 7.31171181e-03]
 [1.97119015e-03 8.17119710e-03]
 [5.94268629e-03 5.70750456e-03]]",160.1239995956421,0.5358827975690332,14.324380669841139,9.996420831881489,7.533058810285015,0.9707989176933878,99.92842944807418,10.263890259672271,365,3
1,5,"[3, 3, 3]",5,5,0.7586814444432106,0.028268237744818486,0.7323945454271791,0.1,"[0.86730223 0.96294777 0.54413791 0.67919102 0.54564779 0.19975706
 0.01058959 0.48335365 0.26513611]","[[0.0094948  0.00089859]
 [0.00965291 0.00596964]
 [0.00049656 0.00456421]
 [0.00775505 0.00654018]
 [0.00931381 0.0026352 ]
 [0.00995304 0.00571381]
 [0.00868141 0.00367371]
 [0.00444259 0.00804239]
 [0.00393345 0.00061901]]",315.0099992752075,0.5473350248537117,14.482351924632852,10.244905881979626,7.694046067266556,0.969471472834444,104.95809653062074,10.263859428592824,365,2
1,5,"[3, 3, 3]",5,5,0.774138238226621,0.04343804787403541,0.7949697279463037,0.1,"[0.41826518 0.18436007 0.62852103 0.34310189 0.25843651 0.9444237
 0.3595819  0.88017688 0.16220517]","[[0.00195641 0.00046359]
 [0.00915771 0.00489632]
 [0.00478364 0.00053077]
 [0.00563033 0.00855284]
 [0.00257593 0.00317093]
 [0.00145094 0.00310209]
 [0.00446506 0.00082725]
 [0.00427231 0.00720275]
 [0.00818973 0.00272453]]",175.27300000190735,0.5059657844325096,13.489253268080697,9.507401683439296,7.112506741049262,0.9740743630807726,90.39068677026435,11.140795065408941,365,3
1,5,"[3, 3, 3]",5,5,0.768395891210637,0.02944969935641014,0.7228140660683129,0.1,"[0.22650898 0.1833083  0.82651631 0.20012011 0.90834323 0.52104636
 0.39965247 0.55674875 0.62725808]","[[0.00091215 0.00915953]
 [0.00268707 0.00663849]
 [0.00689423 0.0054381 ]
 [0.00205598 0.00418855]
 [0.00600134 0.00263689]
 [0.00702501 0.0030524 ]
 [0.00023338 0.00529539]
 [0.00347454 0.00177427]
 [0.00644846 0.00906337]]",285.9310019016266,0.5409177844255837,14.52797925879074,10.131026031215965,7.603837070515548,0.9709206278370954,102.63768844517553,10.129597514694238,365,2
1,5,"[3, 3, 3]",5,5,0.7382783482313033,0.037471256144088916,0.7302526315167933,0.1,"[0.99855177 0.41714873 0.91210243 0.01545629 0.44206161 0.13350515
 0.12547794 0.5743314  0.16953824]","[[2.83797944e-03 2.65604823e-03]
 [1.64197185e-03 4.82459030e-03]
 [1.91857610e-03 9.14968791e-03]
 [9.54788707e-03 4.49140870e-03]
 [9.24430349e-03 8.52905372e-03]
 [4.14714817e-03 7.80822199e-03]
 [5.26546426e-03 8.29813188e-05]
 [8.20731949e-03 7.48718071e-03]
 [7.17365427e-03 7.22305189e-03]]",303.33899879455566,0.5697418969599711,15.552588489773642,10.562772235270005,8.009025921250847,0.9674008124083793,111.57215729419089,10.233842406454128,365,3
1,5,"[3, 3, 3]",5,5,0.7752920127930895,0.04168202361832001,0.7487335067635404,0.1,"[0.91220247 0.05682045 0.16563605 0.59273535 0.00437906 0.44086878
 0.33598951 0.30952927 0.84855096]","[[0.00098859 0.00957463]
 [0.0039798  0.00189438]
 [0.00640122 0.00092469]
 [0.00967692 0.00662305]
 [0.00936482 0.00732544]
 [0.00644841 0.00622342]
 [0.00928948 0.00346162]
 [0.00518183 0.00571202]
 [0.00206858 0.00746694]]",181.3610007762909,0.5186737473376515,13.897131331554876,9.685513853118792,7.291146235277515,0.973178476846168,93.80917859895601,10.492835468095974,365,3
1,5,"[3, 3, 3]",5,5,0.76543961525389,0.042821467911905546,0.755778628420736,0.1,"[0.84149058 0.09252611 0.11850388 0.92602993 0.53616781 0.2198712
 0.9547046  0.77846372 0.16890462]","[[0.00860735 0.00058673]
 [0.00326625 0.00709997]
 [0.00301159 0.00072238]
 [0.00744861 0.00052138]
 [0.00363909 0.00427689]
 [0.00624277 0.00133094]
 [0.00998316 0.00626794]
 [0.00757276 0.00457748]
 [0.00269143 0.00325846]]",268.24199771881104,0.5354575570315598,14.314931397242972,9.989464419791547,7.5270810815879265,0.9707000804316899,99.78939939428126,10.591566594369741,365,2
1,5,"[3, 3, 3]",5,5,0.729722871824578,0.050075804347355576,0.6989177424596609,0.1,"[0.29769475 0.27995511 0.48535894 0.08134829 0.73298959 0.05174103
 0.45608123 0.70296802 0.83992465]","[[0.0053023  0.0056892 ]
 [0.00649327 0.00589024]
 [0.00241693 0.0089149 ]
 [0.00876671 0.0031329 ]
 [0.0086467  0.00062848]
 [0.00802046 0.00893494]
 [0.00713128 0.00852582]
 [0.00141248 0.00165237]
 [0.00935683 0.00237272]]",708.861998796463,0.59491843245091,15.796957490367733,11.175977825393169,8.362939731048108,0.9609574915029039,124.9024803536798,9.794711751398019,365,3
1,5,"[3, 3, 3]",5,5,0.7618227457715273,0.03965175569045558,0.7706815409707684,0.1,"[0.11734483 0.3624629  0.28717745 0.19437655 0.78615512 0.58622019
 0.52441926 0.01594232 0.27571414]","[[0.00291444 0.00453187]
 [0.00838019 0.00438187]
 [0.00176571 0.00776195]
 [0.00545201 0.00359576]
 [0.00452161 0.00225438]
 [0.00531688 0.00566964]
 [0.00875176 0.00374083]
 [0.00340191 0.0089385 ]
 [0.00191461 0.00174688]]",167.64100098609924,0.5699584156668844,15.00592474683927,10.650596320396978,8.012069587067522,0.9682694748514561,113.43520198005366,10.80041768487169,365,3
1,5,"[3, 3, 3]",5,5,0.7464960430339612,0.035877594425512145,0.7366656977815413,0.1,"[0.50088259 0.44121221 0.96004116 0.47634842 0.21002274 0.93022692
 0.69681859 0.87366255 0.03414317]","[[7.81047615e-03 9.63249344e-03]
 [5.25358486e-04 7.52072928e-04]
 [6.39244865e-03 4.42706903e-03]
 [1.88673856e-03 1.55791734e-03]
 [8.76958307e-03 1.84413142e-03]
 [1.90157145e-03 4.21007449e-03]
 [2.75499975e-03 4.15253891e-03]
 [4.32477921e-03 6.64871416e-05]
 [6.78287408e-03 3.26213653e-03]]",928.4710001945496,0.5259402521162612,14.091353240527532,10.050697563199018,7.393293585576499,0.970487118868123,101.01652150689466,10.323715837460133,365,2
1,5,"[3, 3, 3]",5,5,0.7646429951024121,0.041698656390226664,0.7269017631670049,0.1,"[0.596758   0.68694369 0.68774116 0.5847802  0.67227943 0.33521219
 0.54819816 0.51014543 0.59991903]","[[6.06118791e-03 3.25421515e-03]
 [6.24621564e-03 6.75316899e-03]
 [4.07888295e-03 1.39508733e-05]
 [4.23357943e-03 5.36722362e-04]
 [9.95733788e-03 3.91873883e-03]
 [3.83194032e-03 1.00285031e-03]
 [8.08223656e-04 6.96081157e-03]
 [7.12385960e-03 5.73803730e-03]
 [1.20402417e-03 4.89587492e-03]]",166.70000004768372,0.5621253886723091,14.857929183445709,10.542906971756869,7.901958470830236,0.9685912555167987,111.1528874151196,10.186882961001283,365,3
1,5,"[3, 3, 3]",5,5,0.7693784286394811,0.039702472664089807,0.7477290986783895,0.1,"[0.34429607 0.37806569 0.21269854 0.14223182 0.92861642 0.92080429
 0.35271772 0.80375354 0.34968515]","[[9.90945736e-03 9.12566614e-03]
 [4.75237801e-04 7.15741770e-03]
 [6.78303075e-03 1.63334899e-03]
 [3.44191294e-03 2.61986229e-03]
 [9.29712170e-03 7.52947719e-03]
 [6.48817082e-03 1.89629037e-05]
 [5.49315608e-03 9.34577166e-03]
 [8.15465764e-03 3.24425779e-03]
 [3.91552965e-03 6.08154051e-03]]",352.5910005569458,0.5176785339458657,13.910651196094076,9.72567735357786,7.2771562340251625,0.9733332524641426,94.58879998589725,10.478759580366747,365,2
1,5,"[3, 3, 3]",5,5,0.7463477936996666,0.03923758827101936,0.7194323797020695,0.1,"[0.62718609 0.52149774 0.88069077 0.78476306 0.69212586 0.83311378
 0.70168794 0.57664154 0.05239894]","[[0.00164876 0.00519726]
 [0.00086758 0.00052001]
 [0.00521286 0.00965016]
 [0.00979891 0.00475341]
 [0.00616727 0.00492327]
 [0.00220843 0.00634974]
 [0.00848785 0.00300117]
 [0.00072309 0.00472628]
 [0.00100738 0.00783066]]",385.38599824905396,0.574038588523047,15.19355724268913,10.806292432043692,8.069425751924898,0.965620567025279,116.77595612684476,10.082206182097043,365,3
1,5,"[3, 3, 3]",5,5,0.7627303864327143,0.042798292129300565,0.7407660001425243,0.1,"[0.81190773 0.05564653 0.52938827 0.96636775 0.73733607 0.37498814
 0.44976216 0.81387565 0.75968712]","[[0.00141184 0.00187141]
 [0.00213357 0.0036678 ]
 [0.00718803 0.00289994]
 [0.0071862  0.00658701]
 [0.00307006 0.00333913]
 [0.00813058 0.00363768]
 [0.00903134 0.00387472]
 [0.00454566 0.0067396 ]
 [0.00405051 0.00815671]]",355.04258251190186,0.5548283575311689,15.027109256824264,10.329614922436605,7.799382002662101,0.9689796947375342,106.70094444582497,10.381177935328857,365,2
1,5,"[3, 3, 3]",5,5,0.7625990156474494,0.03595325693575786,0.6958349327591166,0.1,"[0.39419664 0.02336068 0.07830921 0.9835748  0.05688189 0.13772765
 0.53340699 0.63443402 0.4358643 ]","[[0.00215101 0.00368625]
 [0.00889312 0.00445683]
 [0.00739081 0.0011753 ]
 [0.00172444 0.00419864]
 [0.00535876 0.00796937]
 [0.00099618 0.00271565]
 [0.00603029 0.00015064]
 [0.00395666 0.00125687]
 [0.00319854 0.00995142]]",487.7422125339508,0.721733971657478,18.5657618219998,13.326981822956276,10.145622286328337,0.9408389548746573,177.60844450940698,9.751508909966377,365,3
1,5,"[3, 3, 3]",5,5,0.7800905106360199,0.0443119728780748,0.7342746889252931,0.1,"[0.58953334 0.85893222 0.88760098 0.38103323 0.73251706 0.77796755
 0.18183496 0.42816523 0.75863112]","[[9.86723401e-03 1.52076962e-03]
 [7.60530922e-03 1.68330916e-03]
 [2.47010848e-03 9.73253947e-03]
 [3.87838968e-03 2.23483205e-04]
 [9.93149520e-05 5.15187269e-04]
 [8.32683095e-04 8.30455056e-03]
 [8.10140720e-03 2.86614638e-03]
 [9.82816449e-03 9.36472611e-04]
 [3.76205553e-03 4.16563202e-03]]",145.8430368900299,0.5505309917280939,14.586974685358689,10.365895216696396,7.738972694002215,0.9701098083599314,107.45178364352921,10.290207970769595,365,3
1,5,"[3, 3, 3]",5,5,0.7906739789127448,0.05878093160404235,0.7771234693533635,0.1,"[0.94765087 0.3080461  0.19439877 0.57580558 0.5241028  0.60567263
 0.50447279 0.23910957 0.36517816]","[[0.00746834 0.00683157]
 [0.0070879  0.00112615]
 [0.00328865 0.00315624]
 [0.00803203 0.00387495]
 [0.00408994 0.00274668]
 [0.00322812 0.0097235 ]
 [0.00061805 0.00835646]
 [0.00457493 0.00167915]
 [0.00362133 0.00095191]]",312.1006700992584,0.5844801229188954,15.313596976763177,11.075348637607439,8.21620540790631,0.966709146238182,122.66334744455297,10.89069559283925,365,2
1,5,"[3, 3, 3]",5,5,0.7664164501044526,0.030373614023404893,0.7762500774846808,0.1,"[0.50927973 0.60170215 0.55510354 0.98061445 0.84929282 0.80636215
 0.1002111  0.80160099 0.23234204]","[[0.00761678 0.00557865]
 [0.00022002 0.00425608]
 [0.00840459 0.00918823]
 [0.00472747 0.00097528]
 [0.00713627 0.00547734]
 [0.0022913  0.00136827]
 [0.00627596 0.00629972]
 [0.00141821 0.00133327]
 [0.00954636 0.00442188]]",164.7911036014557,0.5467895006435698,14.699824397228955,10.294907691915538,7.686377476343177,0.9703970350583676,105.98512438506171,10.878455781084499,365,3
1,5,"[3, 3, 3]",5,5,0.7716151915873569,0.05437417255968621,0.7678590687392164,0.1,"[0.13067055 0.36827854 0.52487879 0.38907887 0.3959118  0.30088338
 0.1684116  0.19885133 0.4626425 ]","[[0.00411646 0.00257655]
 [0.00148278 0.00073183]
 [0.00191993 0.00643124]
 [0.00789085 0.00571992]
 [0.00136443 0.00109497]
 [0.0086401  0.00029278]
 [0.00875071 0.00299766]
 [0.00368669 0.00342453]
 [0.00239862 0.0036305 ]]",277.14262223243713,0.5485242326444845,14.629238900805294,10.292368426720168,7.710763103652459,0.9702453296190561,105.93284783134621,10.760863241973894,365,2
1,5,"[3, 3, 3]",5,5,0.7641571629307742,0.0442791400571682,0.7536951020792327,0.1,"[0.3521326  0.52997413 0.20385698 0.66701515 0.73338319 0.68780217
 0.28532462 0.92317542 0.29926277]","[[0.0016233  0.00352221]
 [0.00396885 0.00769007]
 [0.00980293 0.00140101]
 [0.00117681 0.00935401]
 [0.00750208 0.00847846]
 [0.00939907 0.00997219]
 [0.00789484 0.00974706]
 [0.00424057 0.00887946]
 [0.00284041 0.00993794]]",161.80246376991272,0.5770548486262114,15.12937389672028,10.869507849728617,8.111826188825145,0.9673786509104645,118.14620089531202,10.56236782217997,365,3
1,5,"[3, 3, 3]",5,5,0.774442805849936,0.03272590679275335,0.7316315222829145,0.1,"[0.47988579 0.65749738 0.74101133 0.10291571 0.21938351 0.15652496
 0.60519771 0.33230623 0.92135959]","[[0.00897214 0.00367066]
 [0.00236309 0.00535231]
 [0.00432852 0.00061684]
 [0.00627915 0.00843482]
 [0.00272247 0.00464793]
 [0.00243749 0.00843822]
 [0.00934401 0.00907717]
 [0.00330387 0.0032896 ]
 [0.00011871 0.00972773]]",188.61380577087402,0.5470158806770687,14.625105502463462,10.324812984286053,7.689559765667556,0.9698627577192339,106.60176316048187,10.25316633653965,365,3
1,5,"[3, 3, 3]",5,5,0.7818791474135626,0.03319799295776612,0.7620273232875288,0.1,"[0.88775083 0.98552082 0.12636575 0.97050885 0.49437355 0.99273533
 0.94155466 0.51488207 0.19962514]","[[0.00838609 0.008382  ]
 [0.00392797 0.00764527]
 [0.00543495 0.00307474]
 [0.00987777 0.0091113 ]
 [0.00652108 0.00579377]
 [0.0054465  0.00025938]
 [0.00763301 0.00311232]
 [0.00093278 0.00789093]
 [0.00894561 0.00799526]]",305.26625967025757,0.5049749491080009,13.525637280872168,9.520465830041493,7.098578283549427,0.9736814678105604,90.63926962098765,10.679136506141166,365,2
1,5,"[3, 3, 3]",5,5,0.7792227406664638,0.056842379617118244,0.7632720288429414,0.1,"[0.91695597 0.85195305 0.37164863 0.16256226 0.91641451 0.92545283
 0.16955853 0.4942511  0.12806032]","[[0.00972097 0.00318407]
 [0.00100128 0.00026111]
 [0.00948947 0.00436563]
 [0.00339803 0.00683311]
 [0.00466883 0.00869401]
 [0.00621921 0.00298612]
 [0.00170009 0.00912406]
 [0.00132019 0.00679961]
 [0.00785883 0.00906157]]",162.56097269058228,0.5485977995374702,14.692586718382572,10.31586076869895,7.711797254653137,0.9710545307777322,106.41698339918212,10.69657994961096,365,3
1,5,"[3, 3, 3]",5,5,0.735360276676831,0.04315212338380348,0.7164761238109476,0.1,"[0.93903984 0.34391773 0.10077159 0.0881385  0.71959445 0.09398286
 0.0093037  0.33288744 0.03893803]","[[4.19557578e-03 7.12803045e-03]
 [6.61920378e-03 5.40443680e-05]
 [1.19156969e-03 2.31817789e-04]
 [1.52393130e-03 6.88374941e-03]
 [1.78221181e-04 6.98790575e-03]
 [2.28179805e-03 4.70781935e-03]
 [1.88477689e-03 8.14849518e-03]
 [5.33601486e-03 1.52743731e-03]
 [6.49660789e-03 3.46082352e-03]]",536.4721674919128,0.5881252321069189,15.582313964878455,11.056374085943565,8.267445757489941,0.9628161602984465,122.24340792832442,10.04077687996628,365,3
1,5,"[3, 3, 3]",5,5,0.7634106856377694,0.031011845538114494,0.7459161954538074,0.1,"[0.60696501 0.98167611 0.100529   0.47074784 0.44005435 0.11013107
 0.5921937  0.91021526 0.94180629]","[[5.13951231e-03 1.27581119e-07]
 [2.12829707e-04 6.14379035e-03]
 [7.53617808e-03 4.58700518e-03]
 [7.00346774e-03 8.71060683e-03]
 [6.11205317e-03 3.58741943e-03]
 [1.50321271e-03 5.35365048e-03]
 [2.92271071e-03 5.10176566e-03]
 [6.06994472e-03 9.26155658e-04]
 [8.34490634e-03 8.54764956e-03]]",160.19400000572205,0.559572902018212,14.839090169643802,10.470311014237307,7.8660774308621555,0.9677713213977188,109.62741273485906,10.453353350936268,365,3
1,5,"[3, 3, 3]",5,5,0.746802316866237,0.03434761215473442,0.7276197188314651,0.1,"[0.90028622 0.82789264 0.23935393 0.06269356 0.54623645 0.47580804
 0.21721013 0.3377248  0.37318458]","[[0.00868999 0.00157772]
 [0.00368549 0.00310284]
 [0.0091306  0.00602349]
 [0.00328358 0.00106772]
 [0.00265288 0.0046045 ]
 [0.00569413 0.0038581 ]
 [0.00841897 0.00951923]
 [0.00327633 0.00173524]
 [0.00129146 0.0075369 ]]",264.760000705719,0.5666037189420053,15.091519505639898,10.596506304650616,7.964911649112014,0.9678319431413897,112.28594586450023,10.196944472330102,365,3
1,5,"[3, 3, 3]",5,5,0.7497845890819487,0.04309624049052007,0.6776093551089558,0.1,"[0.45098687 0.78941982 0.01015457 0.18129046 0.35357594 0.92308433
 0.36377864 0.27352747 0.80628506]","[[5.03354357e-03 8.99851914e-03]
 [1.80679667e-03 2.42360274e-04]
 [6.47367876e-03 4.16581432e-03]
 [2.04216786e-03 8.07242910e-03]
 [6.98895068e-05 9.39078418e-03]
 [4.46531843e-03 8.24900102e-03]
 [5.39999578e-04 1.62529102e-03]
 [1.69011971e-03 5.27927108e-03]
 [8.52992413e-03 4.23679912e-03]]",1155.32568192482,0.7041546496138098,18.286580465070028,12.989956626014715,9.898504693823732,0.9446317229909255,168.73897314574359,9.496093617520357,365,2
1,5,"[3, 3, 3]",5,5,0.7833471740471717,0.041520833016677035,0.7662194385371277,0.1,"[0.6058873  0.01728624 0.79646481 0.548634   0.09374837 0.59572446
 0.26879356 0.80042787 0.16352544]","[[0.00716612 0.00830537]
 [0.0039423  0.00128341]
 [0.00932177 0.00904931]
 [0.00373942 0.00608306]
 [0.00252512 0.00566703]
 [0.0094335  0.00763383]
 [0.00572809 0.0009558 ]
 [0.0099263  0.00232842]
 [0.00594013 0.00904891]]",188.90450263023376,0.49949131278070036,13.45371174053016,9.453190921468106,7.021493228505374,0.9744168130852364,89.36281859772701,10.737885280144184,365,3
1,5,"[3, 3, 3]",5,5,0.7512155675574494,0.034879348316701975,0.781097412768116,0.1,"[0.74181482 0.8342984  0.61276946 0.14243376 0.75116198 0.23833818
 0.7487566  0.7943315  0.63948953]","[[0.00270373 0.00121532]
 [0.00724301 0.00732204]
 [0.00949598 0.00643482]
 [0.00420351 0.007193  ]
 [0.00787784 0.00822931]
 [0.00512616 0.00093438]
 [0.00802894 0.00523107]
 [0.00767389 0.00730748]
 [0.00566788 0.00933801]]",270.4456751346588,0.5519394288761859,14.686704704518224,10.40768348571166,7.758771500598166,0.9698100364107838,108.3198755387552,10.946386882241756,365,2
1,5,"[3, 3, 3]",5,5,0.772302127486411,0.04900072572798479,0.748025944522119,0.1,"[0.48646161 0.85049113 0.73091673 0.58295005 0.18727242 0.38148766
 0.3102342  0.34598617 0.96234625]","[[3.28852038e-03 9.62350094e-03]
 [9.02648457e-03 6.44701605e-03]
 [1.27114222e-03 8.94856709e-03]
 [7.74068427e-03 5.54308719e-03]
 [4.97046271e-03 8.92131775e-03]
 [6.59194417e-03 3.13585720e-03]
 [6.71158710e-03 1.38679998e-05]
 [4.56150371e-03 8.43212189e-03]
 [3.64641573e-03 3.25778641e-03]]",288.13910579681396,0.5705730399783633,15.14263454360569,10.774070275913529,8.020709538015014,0.967888583533735,116.0805903103234,10.4829196113651,365,2
1,5,"[3, 3, 3]",5,5,0.7521754646189909,0.03840132929768304,0.6864890857502063,0.1,"[0.76844336 0.26031237 0.04390824 0.14985723 0.34593505 0.69863123
 0.43820204 0.18363056 0.28318726]","[[0.00039341 0.00362475]
 [0.00494564 0.00525929]
 [0.00668032 0.00990189]
 [0.00826268 0.00480489]
 [0.00655926 0.00490364]
 [0.0089932  0.00427702]
 [0.00099934 0.00521195]
 [0.00097823 0.00113943]
 [0.00612515 0.00983897]]",618.944329738617,0.7058692699556617,18.392478996149418,13.114209166802524,9.922607605749763,0.9428925674515682,171.98248207064736,9.620535160176036,365,3
1,5,"[3, 3, 3]",5,5,0.7828360980860671,0.03335663462900497,0.7798272663505008,0.1,"[0.89261786 0.18517959 0.6255684  0.27669907 0.35742035 0.61278237
 0.60410251 0.64679965 0.70269529]","[[9.80540222e-03 4.60652691e-04]
 [3.20720442e-03 2.34990969e-03]
 [9.26694699e-03 3.12338471e-03]
 [8.70319651e-03 9.08175695e-03]
 [3.04105186e-03 1.64771519e-03]
 [2.49691113e-03 9.19018988e-03]
 [7.01018291e-03 3.87615181e-03]
 [3.87827210e-03 7.10092988e-03]
 [6.99606492e-03 7.88936709e-05]]",308.6279983520508,0.5685901810226592,15.247282698610212,10.691814484487724,7.992835918646042,0.9689275652716197,114.3148969707015,10.928586907671317,365,2
1,5,"[3, 3, 3]",5,5,0.7322229453700282,0.04288671491646717,0.658861694042232,0.1,"[0.23151487 0.77497572 0.05244148 0.74321412 0.98479917 0.47741961
 0.02125283 0.67524801 0.14701156]","[[0.00692134 0.00352025]
 [0.00208803 0.00215597]
 [0.00384197 0.00462606]
 [0.00139066 0.00148637]
 [0.00658156 0.0090457 ]
 [0.00502079 0.00105579]
 [0.00034535 0.00360596]
 [0.00680646 0.00825231]
 [0.004613   0.00743934]]",625.9388635158539,0.6777318308682091,17.70639745033992,12.52162015809038,9.527071521407947,0.9500050967196013,156.79097138349536,9.233361789429637,365,3
1,5,"[3, 3, 3]",5,5,0.7728189325686999,0.028721502910725626,0.7650220625956574,0.1,"[0.10212448 0.37454327 0.11629812 0.66830478 0.76005503 0.53613954
 0.37950226 0.49375551 0.27370196]","[[0.001925   0.00831042]
 [0.00221039 0.00727584]
 [0.00028255 0.00670925]
 [0.00506282 0.00948748]
 [0.00957483 0.00564171]
 [0.00372382 0.00869205]
 [0.00064499 0.00363713]
 [0.00127741 0.00969725]
 [0.00716387 0.00331339]]",159.95550775527954,0.5670820400343357,15.178448784264695,10.605731821533729,7.971635546454996,0.9683601556190788,112.48154747029312,10.721105119200656,365,3
1,5,"[3, 3, 3]",5,5,0.7602562889189938,0.03475593367698685,0.7581308089702768,0.1,"[0.40946803 0.05534821 0.95582337 0.23238127 0.45060771 0.87833756
 0.65530754 0.58392493 0.95701361]","[[0.00508755 0.00305968]
 [0.00581683 0.00557096]
 [0.00481234 0.0007495 ]
 [0.00452388 0.00155967]
 [0.00298115 0.00640072]
 [0.00088384 0.00574683]
 [0.00799375 0.00466374]
 [0.00878703 0.00896061]
 [0.00843154 0.00702349]]",210.53600096702576,0.5387166557558689,14.494635709628332,10.083012377515212,7.572895170918873,0.971165676258897,101.66713860512496,10.62453031680855,365,3
1,5,"[3, 3, 3]",5,5,0.7605070376332506,0.042248055601394094,0.7616358941735403,0.1,"[0.80763092 0.64377213 0.48260768 0.25820043 0.03208772 0.31715048
 0.89997636 0.08669373 0.58006689]","[[0.00363251 0.00864234]
 [0.00293726 0.00885915]
 [0.00786953 0.00677429]
 [0.00083155 0.00730112]
 [0.00120152 0.00315634]
 [0.00071192 0.00952777]
 [0.00288676 0.00506193]
 [0.00567061 0.00181576]
 [0.00572807 0.00224241]]",197.913996219635,0.5098338780760188,13.757080818503406,9.671942657026523,7.166881647339269,0.9744851751462078,93.54647476080928,10.673650974568982,365,3
1,5,"[3, 3, 3]",5,5,0.7541498385933275,0.020459264620445314,0.7613245280460538,0.1,"[0.21626872 0.70911544 0.70658523 0.40606982 0.1766758  0.50532532
 0.31041347 0.79196239 0.40143975]","[[8.34905635e-03 2.55046262e-03]
 [5.56726989e-03 8.77345769e-03]
 [2.16055280e-03 1.37132357e-04]
 [6.45629501e-03 3.14226682e-04]
 [8.37943787e-04 3.03258056e-03]
 [2.26222262e-03 6.41831376e-03]
 [6.48983466e-03 3.66496115e-03]
 [1.08564551e-03 6.46022758e-05]
 [2.21470668e-03 2.45786020e-03]]",170.83399868011475,0.5550630146040255,15.047612412103245,10.347494277869878,7.802680644712373,0.9693482934662498,107.07063783054986,10.669287454683014,365,3
1,5,"[3, 3, 3]",5,5,0.7449758336453949,0.04228867059375997,0.672347130066592,0.1,"[0.77544861 0.47053986 0.01447482 0.62009082 0.80533021 0.8936412
 0.94665847 0.15182877 0.75021667]","[[0.00340573 0.00888601]
 [0.0079555  0.00030409]
 [0.00565047 0.00302343]
 [0.00680399 0.00623736]
 [0.0060902  0.00535904]
 [0.00274036 0.00329454]
 [0.00781335 0.00164398]
 [0.00511343 0.00177964]
 [0.00708856 0.00353895]]",1182.560371875763,0.6939062720368663,18.084999824336574,12.834788390366153,9.754440298871444,0.9464598337884325,164.73179302547777,9.42234820467742,365,2
1,5,"[3, 3, 3]",5,5,0.7382334696453178,0.04372020893843963,0.7204200160387376,0.1,"[0.76408635 0.95151662 0.58318082 0.71824396 0.17289047 0.02394225
 0.14453071 0.22631785 0.49076561]","[[0.00932579 0.00428663]
 [0.00770216 0.0084072 ]
 [0.00543542 0.00145598]
 [0.00368552 0.00359231]
 [0.00823618 0.001174  ]
 [0.00035903 0.00563079]
 [0.00838015 0.00218739]
 [0.00505184 0.00171323]
 [0.00712304 0.00766532]]",573.036003112793,0.6000628140685637,15.767247514555283,11.230522832060329,8.435255784939242,0.9620236511550264,126.12464308142833,10.09604702865908,365,2
1,5,"[3, 3, 3]",5,5,0.7415446401805351,0.053127596579965804,0.6975048244048848,0.1,"[0.01764822 0.6345049  0.62640528 0.08101976 0.77396558 0.05495237
 0.9587058  0.21902113 0.9326931 ]","[[0.00889525 0.00139371]
 [0.00047189 0.00372624]
 [0.0076858  0.00441519]
 [0.00979465 0.00426564]
 [0.00239538 0.00790696]
 [0.00611895 0.000491  ]
 [0.00849545 0.0077621 ]
 [0.0060861  0.00220462]
 [0.00186417 0.0043744 ]]",742.5730004310608,0.5866739667709917,15.650609513205517,10.909816998810673,8.247044902723822,0.962363562132766,119.02410694753831,9.774910959067043,365,3
1,5,"[3, 3, 3]",5,5,0.769019015131268,0.04854720677525608,0.7443729286407369,0.1,"[0.43444195 0.37493261 0.66362974 0.43092774 0.80761267 0.14078463
 0.58322709 0.96294478 0.59926781]","[[0.00703649 0.00361145]
 [0.00683432 0.00378219]
 [0.00297131 0.0069    ]
 [0.00696552 0.00786861]
 [0.00842287 0.00271344]
 [0.00061845 0.00839067]
 [0.0099886  0.00155744]
 [0.00129694 0.0081238 ]
 [0.0090077  0.00402323]]",280.0410006046295,0.5271951387311478,14.0287654487494,9.956387108652295,7.41093388810732,0.9718106829180304,99.12964425733763,10.43172583646464,365,2
1,5,"[3, 3, 3]",5,5,0.7388883730818081,0.029957685581613176,0.7285753074149327,0.1,"[0.82713653 0.91072297 0.67358865 0.07467714 0.68672424 0.25716273
 0.35618189 0.22375768 0.03460331]","[[0.0029311  0.00735539]
 [0.00096593 0.0099319 ]
 [0.00251394 0.00452754]
 [0.00404778 0.00417366]
 [0.00048139 0.00867594]
 [0.0014572  0.00539111]
 [0.00189766 0.00833572]
 [0.00525382 0.00047508]
 [0.00307658 0.00149181]]",510.2989995479584,0.5774284512083058,15.289362629088183,10.829338511987507,8.117078027912644,0.9645628361745762,117.27457260721579,10.210336198078904,365,3
1,5,"[3, 3, 3]",5,5,0.7447042041326344,0.035122377454099685,0.7171035694527308,0.1,"[0.4784058  0.29476771 0.1023163  0.20281963 0.44223627 0.54000114
 0.42509692 0.13287355 0.02225543]","[[0.00429107 0.00886403]
 [0.00058505 0.00021641]
 [0.00666617 0.00180274]
 [0.00643773 0.00397073]
 [0.00599194 0.00540498]
 [0.00857542 0.0074025 ]
 [0.0092094  0.00067848]
 [0.00529191 0.0067    ]
 [0.00700465 0.00097896]]",719.8130016326904,0.5872805954713896,15.652795580407936,11.215237643887692,8.255572457063753,0.9615823849557977,125.78155540887555,10.049569973670426,365,2
1,5,"[3, 3, 3]",5,5,0.7431741666212623,0.04527081899275693,0.7309605995694063,0.1,"[0.81327615 0.70771358 0.60486374 0.52624691 0.96348916 0.47137958
 0.10603555 0.1662329  0.09603758]","[[0.00395996 0.00773636]
 [0.00902715 0.00411065]
 [0.00667659 0.00659993]
 [0.00751767 0.00821912]
 [0.00728561 0.00836662]
 [0.00889043 0.00765315]
 [0.00250789 0.0005368 ]
 [0.00878945 0.00516541]
 [0.00537647 0.00288695]]",574.1439990997314,0.5613013804388257,14.99598031885053,10.703462224933348,7.890375149792225,0.965809876669981,114.56410360057514,10.243763950268624,365,3
1,5,"[3, 3, 3]",5,5,0.7726737768971437,0.04646347968108306,0.806830466195331,0.1,"[0.15529281 0.49738164 0.57749675 0.65512575 0.890562   0.61789246
 0.06818407 0.71052633 0.58271057]","[[0.00714722 0.00859056]
 [0.00876978 0.00438471]
 [0.00294238 0.00290491]
 [0.00490398 0.00654881]
 [0.0060086  0.00524002]
 [0.00031634 0.00760653]
 [0.00341602 0.00638761]
 [0.00505853 0.00118723]
 [0.00455149 0.00989563]]",349.57299876213074,0.5128144232936055,13.631282302131734,9.719213313291569,7.2087800298076905,0.9738439766201351,94.46310742926407,11.307012783532914,365,2
1,5,"[3, 3, 3]",5,5,0.7767315087622684,0.03358018277410258,0.7634502307141581,0.1,"[0.44419465 0.36428114 0.99974812 0.21333492 0.96074798 0.1658711
 0.52427676 0.56083746 0.51549119]","[[0.0097946  0.00956498]
 [0.00855155 0.00360965]
 [0.00798534 0.00814244]
 [0.00739165 0.00371864]
 [0.0013918  0.0004654 ]
 [0.00433761 0.00654084]
 [0.005634   0.00110074]
 [0.00886927 0.00685821]
 [0.00844847 0.00464931]]",185.66699838638306,0.5634064957893434,15.074094239048542,10.631216557370664,7.919967362510792,0.9685350104976632,113.02276548971213,10.699077290651386,365,3
1,5,"[3, 3, 3]",5,5,0.7771021248382104,0.01727340243204625,0.7550967439299804,0.1,"[0.37504497 0.86530534 0.24283251 0.21252605 0.41728821 0.42519002
 0.68064706 0.41842348 0.13515735]","[[0.00435994 0.00193315]
 [0.00408948 0.0055074 ]
 [0.00383837 0.00530987]
 [0.00932739 0.00514686]
 [0.00885137 0.00760248]
 [0.00143411 0.00934763]
 [0.00947463 0.00262357]
 [0.00675637 0.00555251]
 [0.00177794 0.0068437 ]]",290.48399901390076,0.5382114383696661,14.416928525641728,10.144180956207649,7.565793184627265,0.9709793626498159,102.90440727228591,10.58201058852105,365,2
1,5,"[3, 3, 3]",5,5,0.7449072762728187,0.03530370705867422,0.738077769227502,0.1,"[0.37591163 0.48687994 0.39312686 0.17762102 0.48339103 0.95147627
 0.22101906 0.00871417 0.07669932]","[[0.00180453 0.00979886]
 [0.0096922  0.00392241]
 [0.0010312  0.00756336]
 [0.00586896 0.00473008]
 [0.00237408 0.00621695]
 [0.00683448 0.00540095]
 [0.0055882  0.00164938]
 [0.00497515 0.00584555]
 [0.00463489 0.00524448]]",426.98500084877014,0.5635703991509913,14.935023465966562,10.826068201067455,7.922271399266772,0.9650300513435105,117.20375269416392,10.343504765320072,365,3
1,5,"[3, 3, 3]",5,5,0.763949327118502,0.05296224503613736,0.7607253389878773,0.1,"[0.96703022 0.66979362 0.87675357 0.14351763 0.03185167 0.76810914
 0.04529242 0.40746206 0.87492142]","[[8.84160893e-03 1.32297182e-03]
 [1.75762191e-03 1.72584631e-03]
 [8.05197313e-03 7.68880884e-03]
 [4.80447083e-03 5.58384471e-03]
 [1.14346431e-03 4.66444107e-03]
 [3.98207364e-03 1.81515423e-03]
 [2.12943557e-04 6.86847781e-03]
 [9.14515156e-03 9.58095090e-06]
 [1.18925892e-03 3.89821144e-04]]",196.79500031471252,0.5321648113141141,14.202947493760373,9.921114345156935,7.480794006784714,0.9711497578484374,98.42850984967872,10.66089035191556,365,3
1,5,"[3, 3, 3]",5,5,0.738706623680924,0.04843782464700954,0.7025825881681586,0.1,"[0.15205147 0.58932977 0.13376501 0.85129464 0.49600222 0.02780262
 0.62917888 0.08303195 0.35504227]","[[0.00472723 0.00551128]
 [0.00586627 0.00667862]
 [0.0057108  0.00978021]
 [0.00606616 0.00053055]
 [0.00299652 0.00557429]
 [0.00195966 0.00035119]
 [0.00232694 0.00703285]
 [0.00597105 0.00263467]
 [0.00856579 0.00382276]]",906.514002084732,0.6022766392161037,15.839406735925204,11.284877722809314,8.46637616258107,0.9613308501438523,127.34846521875795,9.846071310824504,365,2
1,5,"[3, 3, 3]",5,5,0.7534191446939746,0.041735121638386725,0.6845406005704301,0.1,"[0.22329881 0.84623024 0.05098449 0.29482298 0.40011855 0.958049
 0.82028549 0.25428249 0.02638923]","[[0.00436092 0.00525382]
 [0.00364367 0.00589981]
 [0.00914287 0.00757927]
 [0.00554701 0.00464461]
 [0.00474677 0.00526142]
 [0.00239872 0.00289845]
 [0.00435198 0.00993778]
 [0.0041338  0.00482712]
 [0.00697389 0.00195071]]",785.224999666214,0.7094750608875016,18.458690169597748,13.174509370170538,9.97329524728325,0.9418260135914716,173.5676971447113,9.593228869995714,365,3
1,5,"[3, 3, 3]",5,5,0.7761769945335475,0.037133832359673796,0.770504558375993,0.1,"[0.85124373 0.09910552 0.42380424 0.93444226 0.91240938 0.24150788
 0.47025865 0.07873412 0.26446434]","[[0.00064904 0.00327691]
 [0.00430611 0.00044449]
 [0.00594981 0.00745348]
 [0.00323127 0.00634257]
 [0.00295453 0.00680229]
 [0.00347219 0.00665759]
 [0.00167244 0.00298685]
 [0.00831679 0.00429174]
 [0.00476134 0.00837315]]",300.20000314712524,0.5366919444983789,14.331202041520394,10.148065556116586,7.544433221690966,0.9713905470522977,102.98323453123984,10.79793743090827,365,2
1,5,"[3, 3, 3]",5,5,0.7473187023360005,0.03607705519240983,0.7479909188363549,0.1,"[0.51744416 0.3063765  0.57716475 0.00585099 0.43668632 0.99401463
 0.40454846 0.27291618 0.34314868]","[[0.0065771  0.0059064 ]
 [0.00746416 0.00187255]
 [0.00835358 0.00028246]
 [0.00617513 0.00259973]
 [0.00029228 0.00925348]
 [0.00050843 0.00750916]
 [0.00349528 0.00168576]
 [0.00322972 0.00892617]
 [0.0018097  0.00106402]]",540.6739971637726,0.5296415683697014,14.132651480885485,9.859192226240962,7.4453240540653445,0.9716542358181396,97.20367135397021,10.48242875747041,365,2
1,5,"[3, 3, 3]",5,5,0.7257236978525451,0.0439419302938705,0.6645216878865049,0.1,"[0.8117374  0.25989513 0.0533375  0.13213361 0.34657908 0.06585768
 0.63374519 0.25823929 0.34589239]","[[0.00689801 0.00526587]
 [0.00346244 0.00554562]
 [0.00180207 0.00840614]
 [0.00828516 0.00619071]
 [0.00101286 0.00035049]
 [0.00122337 0.00306978]
 [0.00803394 0.00202985]
 [0.00696531 0.00614757]
 [0.00752162 0.00378494]]",644.2709999084473,0.6711900924110201,17.521042566739922,12.379630541035674,9.435112420009176,0.951664435206395,153.2552523325432,9.312681578943407,365,3
1,5,"[3, 3, 3]",5,5,0.7850766888214304,0.05227367334281865,0.7795423004733976,0.1,"[0.84328854 0.26029068 0.64844349 0.14938892 0.99466654 0.55165545
 0.64342228 0.9344078  0.50205352]","[[0.00482305 0.00080023]
 [0.00665049 0.00852986]
 [0.00150748 0.00321945]
 [0.00198256 0.00201151]
 [0.00481158 0.00132482]
 [0.00626331 0.00372675]
 [0.00753375 0.00952531]
 [0.00539685 0.00614122]
 [0.00756449 0.00340307]]",326.1870005130768,0.4603880588087993,12.564535945959749,8.66350158999961,6.4718075263703,0.9784740224616127,75.05625979992578,10.924593363859726,365,2
1,5,"[3, 3, 3]",5,5,0.744269602696966,0.03898209971991972,0.7243012006804744,0.1,"[0.92286069 0.26079853 0.59152605 0.25648148 0.98051688 0.69256872
 0.96232319 0.85678912 0.07707931]","[[0.0079581  0.00822927]
 [0.00636663 0.00395366]
 [0.0028878  0.0084773 ]
 [0.0066305  0.00135564]
 [0.00210052 0.00082662]
 [0.00907932 0.00593098]
 [0.00683215 0.0097904 ]
 [0.00163683 0.00391606]
 [0.00193694 0.00543119]]",399.29700207710266,0.5888588033384338,15.571898263800191,11.123662022566831,8.27775777954701,0.9630792970731054,123.7358567922956,10.150438386197067,365,3
1,5,"[3, 3, 3]",5,5,0.7334157332450377,0.040781147244481675,0.663919905026127,0.1,"[0.66522637 0.26684437 0.00926369 0.31525007 0.65230171 0.08096882
 0.19139215 0.92026451 0.03087611]","[[0.0047274  0.00994061]
 [0.0058767  0.0011044 ]
 [0.00211774 0.00698954]
 [0.00454732 0.00122798]
 [0.00538045 0.00357857]
 [0.00201294 0.00902886]
 [0.00454933 0.00455359]
 [0.00915243 0.0009028 ]
 [0.00581911 0.00943016]]",704.6170036792755,0.6816167408394014,17.855365403329813,12.593059068463443,9.581682819659006,0.9488765765028565,158.58513670180938,9.304248126340543,365,3
1,5,"[3, 3, 3]",5,5,0.7365846214078193,0.05034319044040986,0.7098423270858164,0.1,"[0.70454969 0.26163075 0.78204687 0.407597   0.20266361 0.04809309
 0.40210539 0.36299193 0.15398212]","[[0.00258587 0.00351024]
 [0.00838776 0.00673081]
 [0.00843814 0.00031248]
 [0.0094202  0.00415834]
 [0.00128759 0.00762585]
 [0.00855917 0.00345359]
 [0.00376518 0.00663184]
 [0.00963835 0.00497807]
 [0.00472119 0.00419153]]",996.1559982299805,0.6056866305838885,16.089139568512905,11.376377306439737,8.514311393255792,0.9594971272916633,129.42196061847704,9.947810107494083,365,2
1,5,"[3, 3, 3]",5,5,0.7677970667424624,0.042467836212276115,0.7289038907009208,0.1,"[0.56398461 0.48443596 0.71355671 0.31521521 0.24352738 0.65842684
 0.14686669 0.60752508 0.81962964]","[[0.00463946 0.0047417 ]
 [0.00219216 0.00882734]
 [0.0086635  0.0006841 ]
 [0.00093689 0.0005954 ]
 [0.00340647 0.00298558]
 [0.00703953 0.00880806]
 [0.00814406 0.00753748]
 [0.00266113 0.00831332]
 [0.00053746 0.00214572]]",213.30299997329712,0.5696303447878174,15.377729395145549,10.586275943388952,8.007457800241811,0.9674444109488693,112.06923834957563,10.214941001158097,365,3
1,5,"[3, 3, 3]",5,5,0.7858073297866103,0.04072157047512911,0.8039356177621452,0.1,"[0.85800464 0.95179611 0.55106678 0.45803873 0.0252254  0.9989902
 0.49746968 0.72984461 0.45721567]","[[7.63036152e-04 4.09327607e-03]
 [8.31081588e-03 2.26390340e-03]
 [7.72931729e-03 9.91232605e-04]
 [1.16579365e-03 3.46833042e-03]
 [4.29942078e-03 7.30752230e-03]
 [2.68336428e-04 6.91049748e-03]
 [1.03219798e-03 9.81210448e-03]
 [6.92731547e-05 9.59337428e-03]
 [9.10787287e-03 3.69883325e-03]]",208.46900081634521,0.5192542237776416,13.872217155407029,9.762466064886324,7.299306159761501,0.9734482478513041,95.30574366805708,11.266444052415492,365,3
1,5,"[3, 3, 3]",5,5,0.7662827265746616,0.031583211630676365,0.7472215222037287,0.1,"[0.79980331 0.73255687 0.38716628 0.54584536 0.17190026 0.12274964
 0.8131748  0.13603592 0.63676651]","[[0.00452847 0.00359076]
 [0.00671199 0.00909328]
 [0.00138297 0.00360172]
 [0.00202388 0.00965209]
 [0.0004262  0.0059563 ]
 [0.00835524 0.00306688]
 [0.00135607 0.00956631]
 [0.00315567 0.00303483]
 [0.00580096 0.00743757]]",248.3690013885498,0.5446762818414024,14.57596917373717,10.198733275310733,7.656671351071118,0.9707555933950713,104.01416042093041,10.471646346635412,365,2
1,5,"[3, 3, 3]",5,5,0.7615416230925014,0.025660596472142153,0.7720083289865781,0.1,"[0.79414296 0.66117405 0.42428994 0.98725678 0.60689764 0.72871252
 0.00662427 0.63219698 0.83726948]","[[0.00978911 0.00188687]
 [0.00039826 0.00390225]
 [0.00613846 0.00763457]
 [0.00493326 0.00668708]
 [0.00265763 0.00198114]
 [0.00828691 0.00724427]
 [0.00939869 0.00843389]
 [0.00167316 0.00104617]
 [0.00940569 0.00344849]]",232.27499771118164,0.5471232489977907,14.530048048258513,10.176370048561303,7.69106907307214,0.9696220601694557,103.55850736525556,10.81901144116171,365,3
1,5,"[3, 3, 3]",5,5,0.773832611362256,0.050092621939260236,0.7584103809328167,0.1,"[0.56143168 0.78632568 0.73392223 0.91120728 0.06841912 0.91303845
 0.85132217 0.60381725 0.57969559]","[[0.00578417 0.0062995 ]
 [0.00523121 0.00042622]
 [0.00051515 0.00574806]
 [0.00540752 0.00163368]
 [0.00320408 0.00636354]
 [0.00725426 0.00607478]
 [0.0082116  0.00749409]
 [0.00789081 0.00443796]
 [0.00104284 0.00513053]]",279.77399945259094,0.511315426550806,13.637882376268152,9.652943700127405,7.187708200909358,0.9735173368770639,93.17932207782935,10.628448269695555,365,2
1,5,"[3, 3, 3]",5,5,0.7333159606800737,0.031268528837767595,0.7243066476091137,0.1,"[0.36941978 0.63596395 0.357538   0.03696012 0.44141331 0.40812437
 0.73700914 0.3134748  0.3733748 ]","[[0.0020293  0.00827708]
 [0.00796138 0.00292313]
 [0.00766093 0.00536425]
 [0.00689653 0.00406261]
 [0.00681721 0.00670463]
 [0.00118407 0.00998516]
 [0.00146905 0.00287342]
 [0.00602509 0.0092397 ]
 [0.00770681 0.00553546]]",345.7329993247986,0.5703744363427606,15.18632804838811,10.598276020437151,8.01791770951498,0.9665179762964003,112.32345460537312,10.150514720066864,365,3
1,5,"[3, 3, 3]",5,5,0.7766540923054011,0.041224209025030246,0.7799298859489591,0.1,"[0.09143046 0.96237757 0.38229702 0.42569494 0.71746997 0.56227021
 0.83864732 0.32868061 0.2224294 ]","[[0.00281324 0.00989109]
 [0.0026995  0.00335869]
 [0.00185236 0.00164324]
 [0.00531285 0.00596878]
 [0.00768124 0.00957143]
 [0.00672442 0.00434484]
 [0.00123503 0.00623471]
 [0.00814106 0.00302051]
 [0.00899497 0.00389145]]",481.14199900627136,0.5493809683234355,14.755136990663653,10.247062671359608,7.72280648381634,0.9689824926834855,105.00229339077148,10.930025030251244,365,2
1,5,"[3, 3, 3]",5,5,0.77114803539074,0.04110423923495756,0.7784966721442406,0.1,"[0.68276299 0.97738509 0.30906593 0.42594486 0.30998062 0.91479701
 0.4340929  0.52000169 0.32954891]","[[9.52296917e-03 5.19885761e-03]
 [8.82663684e-03 8.35777194e-03]
 [8.05173522e-04 4.95012151e-05]
 [7.09428745e-03 3.10128066e-03]
 [9.86545184e-03 1.88262504e-03]
 [1.73711621e-03 5.88263443e-03]
 [9.29449942e-03 4.12881066e-03]
 [8.18114078e-03 9.70068942e-03]
 [5.33669782e-03 5.05406329e-03]]",283.80600118637085,0.5315119573014809,14.148604701110756,10.031162125347192,7.471616649918612,0.9716097058049833,100.62421358499999,10.909939811000779,365,2
1,5,"[3, 3, 3]",5,5,0.7554846155324849,0.05282947000634705,0.767798455856361,0.1,"[0.02872196 0.00519102 0.67105265 0.4033221  0.31021387 0.90967755
 0.19483412 0.60888583 0.67239282]","[[0.00566151 0.00959143]
 [0.00998246 0.00482731]
 [0.00143295 0.00240059]
 [0.00698741 0.00760512]
 [0.00074567 0.00341827]
 [0.00741006 0.00904313]
 [0.00645401 0.00707346]
 [0.0002637  0.00794176]
 [0.00894085 0.00966778]]",503.6419994831085,0.6003050827657616,15.89782713779386,11.089439378338415,8.438661425784893,0.9632630122541957,122.97566572584269,10.760013806224988,365,3
1,5,"[3, 3, 3]",5,5,0.7757868736922688,0.04117774212080376,0.7532127266437435,0.1,"[0.13935637 0.32486733 0.13552595 0.8395745  0.0923692  0.14973057
 0.70099689 0.37646192 0.8342358 ]","[[0.00170511 0.00195721]
 [0.00806623 0.0027512 ]
 [0.0009249  0.00958672]
 [0.00744177 0.00299032]
 [0.00909059 0.00998872]
 [0.00579307 0.0077927 ]
 [0.00934133 0.00875966]
 [0.00837383 0.00706057]
 [0.00256071 0.00821738]]",263.9350004196167,0.5552941347868986,15.079779530941357,10.434668503119049,7.805929567681584,0.9700666394547858,108.88230676998474,10.555607758642386,365,2
1,5,"[3, 3, 3]",5,5,0.750366686241639,0.0361421940722479,0.7475005146347874,0.1,"[0.73326286 0.70196914 0.25317586 0.03249493 0.32658339 0.54054662
 0.16857092 0.24727362 0.59567765]","[[0.00550211 0.00616147]
 [0.00143976 0.00364643]
 [0.00425947 0.00619029]
 [0.00866891 0.00646261]
 [0.00688483 0.00101974]
 [0.00460264 0.0009985 ]
 [0.00581377 0.0015913 ]
 [0.00656519 0.00035041]
 [0.00941038 0.00902432]]",388.8679983615875,0.5625880023049278,15.120730849378,10.503762848131224,7.9084615638885785,0.9687385461536459,110.32903396978175,10.475556177903144,365,3
1,5,"[3, 3, 3]",5,5,0.7868378060487358,0.04364482716963334,0.7552459944127456,0.1,"[0.22203865 0.87679688 0.99795068 0.82253652 0.40427687 0.14455454
 0.59698916 0.48618779 0.98644229]","[[5.76123984e-05 3.13350147e-03]
 [2.53132305e-03 7.62235072e-03]
 [3.94267717e-03 4.11622100e-03]
 [1.42746865e-03 6.66168152e-03]
 [1.27518594e-03 4.56418426e-03]
 [4.67936981e-03 9.44672631e-03]
 [2.43396208e-04 2.25008935e-03]
 [7.81645948e-03 9.16268731e-03]
 [1.70602956e-03 7.44814175e-03]]",258.1469917297363,0.5391592194728514,14.261350291848505,10.262394079512564,7.579116416539093,0.9713501204468644,105.31673224321455,10.584102201551644,365,2
1,5,"[3, 3, 3]",5,5,0.7402094495914222,0.04374303432215097,0.7503381266659968,0.1,"[0.5421558  0.94415462 0.97947016 0.41550831 0.90110167 0.18633227
 0.39555143 0.21402245 0.76587065]","[[0.00577897 0.00656578]
 [0.00275039 0.00025438]
 [0.00708742 0.00602142]
 [0.0027782  0.0025965 ]
 [0.00544203 0.00524855]
 [0.00334882 0.00996689]
 [0.00935705 0.00455555]
 [0.00269463 0.00501394]
 [0.00718217 0.00046239]]",213.94299983978271,0.5378854895418029,14.328415266345207,10.028495269407566,7.56121122808644,0.9705005113968452,100.57071736852991,10.515322791653972,365,3
1,5,"[3, 3, 3]",5,5,0.7408378082553386,0.03424890476147452,0.7216643100312341,0.1,"[0.70907969 0.39003846 0.97794139 0.8856639  0.08500842 0.19728932
 0.78168034 0.29387517 0.05377734]","[[0.00048307 0.00232497]
 [0.00068197 0.00902199]
 [0.00829503 0.00815946]
 [0.0068344  0.00672315]
 [0.00198767 0.0063853 ]
 [0.00368837 0.00518342]
 [0.00969873 0.00187617]
 [0.00399644 0.00280204]
 [0.00672177 0.00854064]]",472.20200061798096,0.5904840882919864,15.627296966604817,11.336768619693652,8.30060487819269,0.9604689872013061,128.5223227364707,10.113484704439937,365,3
1,5,"[3, 3, 3]",5,5,0.7452384671227346,0.034281462980073375,0.7348722156421166,0.1,"[0.59368729 0.84519056 0.5097322  0.22070648 0.36103533 0.43572633
 0.95074512 0.80845757 0.06170975]","[[9.20804426e-03 8.09797864e-03]
 [1.31865292e-03 2.06796169e-03]
 [9.52768302e-05 6.68928948e-03]
 [9.12062685e-03 6.28894330e-03]
 [2.79888411e-04 4.52580007e-04]
 [8.66773624e-04 3.41773270e-03]
 [2.60857059e-03 9.32094203e-03]
 [8.50207794e-03 2.22052891e-03]
 [2.14849568e-03 6.10434792e-03]]",572.328999042511,0.5591813171685891,14.796956803053538,10.60295781838908,7.86057280986143,0.966779706440018,112.42271449853811,10.298581777298597,365,2
1,5,"[3, 3, 3]",5,5,0.7378839596868542,0.03723405904617265,0.7272848530428369,0.1,"[0.65122995 0.31736944 0.50120036 0.95069918 0.39151871 0.38726815
 0.02670188 0.79523523 0.73338558]","[[0.00900842 0.00675125]
 [0.00021509 0.00076494]
 [0.00889772 0.00021986]
 [0.00741492 0.00497525]
 [0.00995545 0.00273985]
 [0.00280696 0.00197149]
 [0.00187173 0.00202281]
 [0.0080932  0.00118455]
 [0.00292855 0.00979478]]",200.2029993534088,0.5740745293938521,15.495838526832884,10.593766983502782,8.069930983096146,0.9642846519672934,112.22789890075364,10.192251625553205,365,3
1,5,"[3, 3, 3]",5,5,0.7752609767886067,0.03271484951037203,0.7612927351830725,0.1,"[0.94714626 0.92490235 0.55094867 0.3365008  0.49179167 0.9174186
 0.57410667 0.55238141 0.55552508]","[[3.51427454e-04 7.39873865e-03]
 [9.19471042e-03 3.48101910e-03]
 [8.43020365e-03 2.15589436e-03]
 [7.13945783e-03 4.10381399e-03]
 [3.30049692e-03 1.04629264e-03]
 [9.26159343e-03 1.64890839e-04]
 [4.83688239e-03 1.71809917e-03]
 [3.62210762e-03 7.65978210e-05]
 [8.99489804e-03 2.83262163e-03]]",200.83400082588196,0.47924804257583675,13.24273700345212,8.995705165406763,6.736927749528447,0.9770583015644443,80.92271142292593,10.668841905929941,365,3
1,5,"[3, 3, 3]",5,5,0.7431458450007172,0.045851900566766246,0.7711457870492053,0.1,"[0.81074388 0.18410088 0.8115726  0.72788103 0.72512829 0.55500531
 0.23686146 0.10837772 0.64285744]","[[0.00427463 0.00316332]
 [0.00670814 0.00202002]
 [0.00088383 0.00775513]
 [0.00417363 0.00121204]
 [0.00825138 0.00125196]
 [0.00933087 0.00854763]
 [0.00879325 0.00033679]
 [0.00633171 0.00923014]
 [0.00268004 0.00589684]]",194.76800107955933,0.5324846718514992,14.193919997323023,9.950858196117894,7.485290378472967,0.9717555112698514,99.01957883924665,10.806923681563095,365,3
