1633471818,1,11,303.85860752829126,30.238097275828945,24.86202975928178,2.4609102499406728,17.219622695742263,26.505017902716855,36.49117369842253,296.51540578372203,0.9006944666180827,"[25.0, 529.0, 2.0, 473.0, 209.0, 476.0, 0.2418470310650336, 0.04530057636372824, 0.08555697556733234, 0.1408466673832209, 0.038708885366794184, 0.09156543101631472, 0.2552122229549907, 0.4908697045927548, 0.14877391290006942, 1.0, 0.0, 1.0, 0.0, 1.0, 1.0, 0.0, 2.0, 0.0, 6.0, 1.0, 4.0]",1.043888609171166
1633472035,1,3,638.4027084721314,133.89835396838282,31.121716602416523,3.033101249915835,24.770081654427248,32.773131504287946,62.584078875820815,613.5569451669933,0.6348706029683151,"[19.0, 551.0, 2.0, 330.0, 158.0, 401.0, 0.03838327263365891, 0.1836681740865501, 0.24781171848502245, 0.14948031599477463, 0.22637983528845484, 0.026636370726874567, 0.2516572618192393, 0.37796514148936755, 0.4461985102381568, 0.0, 1.0, 1.0, 0.0, 0.0, 0.0, 1.0, 0.0, 2.0, 9.0, 7.0, 3.0]",1.3972932514802785
1633472764,2,15,624.5549915345813,84.38313078828547,30.74374726442542,2.9740003025076027,25.733955154797933,33.25194129905368,68.80467688824638,662.236447909151,0.4097142936076573,"[27.0, 522.0, 3.0, 408.0, 166.0, 170.0, 0.20843637088728645, 0.1873786429683876, 0.18585851718240567, 0.05788336951000611, 0.13682987451073794, 0.1309013824108568, 0.31593977854368627, 0.45891448893311637, 0.33619097139873777, 0.0, 1.0, 1.0, 1.0, 0.0, 1.0, 2.0, 0.0, 0.0, 9.0, 3.0, 0.0]",1.4252850616372656
1633472823,3,16,517.4060002286539,48.6478714354681,30.99882012683234,1.983868636290996,23.146657274413876,35.515877204825706,40.84732247208889,535.7677429791768,0.8540139029697852,"[20.0, 422.0, 2.0, 257.0, 234.0, 322.0, 0.20856718542928165, 0.11721889349633281, 0.18119721546383033, 0.07551702922693293, 0.13400539513930776, 0.07759867852450494, 0.38256450288238064, 0.13018446953899573, 0.4894615237329748, 0.0, 0.0, 0.0, 0.0, 0.0, 0.0, 1.0, 0.0, 1.0, 4.0, 6.0, 6.0]",1.4329773802710195
1633473218,4,4,257.0280104944209,16.359545266954623,21.55362418627159,2.833752314333784,16.04026763271806,23.630380532476927,35.817751700647506,257.2901857292226,0.9025470523643973,"[14.0, 564.0, 1.0, 423.0, 391.0, 378.0, 0.014644692262020396, 0.18578831420394148, 0.15023999842155544, 0.03051219165690755, 0.21820718160269714, 0.11390328879919098, 0.251535650528252, 0.45530971350779315, 0.312616639707138, 1.0, 0.0, 1.0, 1.0, 1.0, 1.0, 1.0, 2.0, 1.0, 1.0, 5.0, 5.0]",0.9139150980125965
1633473461,5,17,370.9167769863941,111.29282515180837,25.70640172993457,5.489155790971278,18.408750920191032,26.77588128522727,43.9141027697593,338.88211044163415,0.8560793707594485,"[18.0, 475.0, 4.0, 475.0, 424.0, 403.0, 0.10933576762010473, 0.029268480770418312, 0.08406683790944537, 0.02374392934367532, 0.1603369517937067, 0.101723500891363, 0.3856374433825408, 0.10135572124952726, 0.4186529791442902, 0.0, 0.0, 0.0, 0.0, 1.0, 1.0, 1.0, 0.0, 2.0, 9.0, 0.0, 6.0]",1.070425586286126
1633473524,6,16,290.7417364369957,46.152978455930096,23.17294007042875,3.06061327006347,16.948593708395393,24.22894632121154,39.92881779859101,287.2548286922599,0.8764922554275654,"[25.0, 369.0, 2.0, 308.0, 401.0, 169.0, 0.1832274935128843, 0.154991937832372, 0.06699384579634551, 0.1777430468359131, 0.13956737191134305, 0.1580388152924799, 0.3686217147027997, 0.2171458972060298, 0.32823233194148205, 1.0, 1.0, 0.0, 0.0, 0.0, 0.0, 2.0, 1.0, 2.0, 4.0, 2.0, 1.0]",0.9701151527969664
1633473708,7,6,297.043080820028,48.08370714353558,23.3898316704977,3.2938187321020553,16.9821632750488,24.238724562754857,40.05939796690501,288.39386950041626,0.8754665391841192,"[25.0, 381.0, 3.0, 355.0, 483.0, 398.0, 0.06478582844528988, 0.016251206590945307, 0.026100259786545406, 0.14291187837227873, 0.05654466278522507, 0.22537558571330732, 0.1994608339642824, 0.37647892393280846, 0.3462688459328519, 1.0, 1.0, 0.0, 0.0, 0.0, 1.0, 1.0, 2.0, 2.0, 3.0, 3.0, 6.0]",0.9709113792663132
1633473806,8,16,599.7449222209754,238.25953671015918,31.141562518557095,8.27704127572211,28.40108157440053,36.30291194578524,73.94819926907225,806.6214345957532,0.0831316761290033,"[30.0, 379.0, 3.0, 448.0, 307.0, 304.0, 0.01727438831046686, 0.24623015244588495, 0.18512453107275353, 0.15695787710597656, 0.16587667881854098, 0.12491433353471207, 0.29263330085929085, 0.4025166512904508, 0.33950191400776064, 1.0, 0.0, 1.0, 1.0, 0.0, 1.0, 0.0, 2.0, 1.0, 8.0, 9.0, 2.0]",1.5867172263902818
1633473926,9,6,247.8609848475022,13.633061713862583,21.718069342728057,2.269830544923429,15.859449737651481,23.35036374393736,35.16859983506488,251.52214598109362,0.9044594815433303,"[13.0, 496.0, 4.0, 98.0, 137.0, 370.0, 0.07562837723053034, 0.23958425071292008, 0.07290266392108873, 0.21287317335194056, 0.09544986310107176, 0.10011205282785114, 0.33324342641053684, 0.4605592959560838, 0.1387427610456431, 0.0, 1.0, 1.0, 1.0, 0.0, 1.0, 0.0, 2.0, 0.0, 8.0, 3.0, 6.0]",0.907032307169378
1633474063,10,15,249.3165336214745,17.748998958523373,21.669211229451133,2.6501163523839253,15.79103996458215,23.273848385641028,36.39469123541103,249.35694316303065,0.9019843461426286,"[16.0, 469.0, 4.0, 311.0, 493.0, 68.0, 0.11014918671427436, 0.0817139415051455, 0.15029331058457873, 0.05248407274132924, 0.17706519148714173, 0.22420573006018782, 0.13138953676533993, 0.447100079190485, 0.33271551117108455, 0.0, 1.0, 1.0, 1.0, 0.0, 1.0, 1.0, 2.0, 0.0, 7.0, 8.0, 8.0]",0.9085179739183449
1633474116,11,7,262.700938007499,32.65173568221548,22.379024040794672,2.5677372232238693,16.09351189551681,23.726651062419656,37.891839108803985,259.001125131141,0.8947778446451722,"[22.0, 507.0, 0.0, 341.0, 402.0, 147.0, 0.1906795195367748, 0.0415345479007382, 0.2249397573080478, 0.0321545829306793, 0.18346459942620622, 0.106248100137858, 0.4112667891989864, 0.26307371251982836, 0.12450090000010522, 1.0, 1.0, 1.0, 1.0, 0.0, 0.0, 2.0, 2.0, 1.0, 4.0, 2.0, 2.0]",0.9317058570706301
1633474265,12,10,245.60536268748012,18.254148482064412,21.551511870800155,2.2892965101178007,16.24203269427532,23.391748638971105,41.250528982179624,263.8036260419084,0.8836834148081548,"[16.0, 358.0, 1.0, 506.0, 215.0, 473.0, 0.22116104716796367, 0.15442856132462202, 0.1570432498259061, 0.1300607115548755, 0.2219559241167237, 0.014737729921359266, 0.14608506023662066, 0.35512651688353525, 0.2650583065580737, 1.0, 1.0, 0.0, 1.0, 1.0, 1.0, 1.0, 1.0, 0.0, 8.0, 4.0, 2.0]",0.9215140063857514
1633474397,2,14,624.9369668864564,81.0790092918655,30.975278751251086,3.6945065968540156,24.903818407329855,32.7516667911944,67.00334357405883,620.2001712652612,0.5562773878030733,"[24.0, 407.0, 2.0, 247.0, 354.0, 367.0, 0.20050791960507658, 0.15426169156742559, 0.047386137396050486, 0.11193210825370672, 0.027668572020632137, 0.1290304774504199, 0.45283797776429346, 0.1676903525904943, 0.20309609578099463, 0.0, 0.0, 0.0, 0.0, 0.0, 1.0, 0.0, 0.0, 0.0, 9.0, 9.0, 0.0]",1.3987152935402196
1633474473,13,15,411.8589098663355,84.06837440048321,25.859290160398242,3.4891329215013918,19.950818640961437,26.927548973381526,51.46435724270542,398.0351644445343,0.7772935495003593,"[25.0, 400.0, 4.0, 341.0, 501.0, 103.0, 0.17814257931735006, 0.039189142946282216, 0.13531950805108972, 0.23652611873537338, 0.03103720454148698, 0.23479521583060628, 0.4779448212598817, 0.4036089588935392, 0.4438378442640759, 1.0, 0.0, 1.0, 0.0, 0.0, 0.0, 0.0, 2.0, 1.0, 9.0, 5.0, 7.0]",1.1016348642902305
1633474759,3,10,335.5429853208247,91.46122469520589,24.715200738258385,5.5106221867960015,16.501609845287522,24.092538323710638,37.32701512012682,272.3031274860901,0.8964218424317829,"[28.0, 461.0, 0.0, 129.0, 183.0, 347.0, 0.031303695528058284, 0.10311463450314422, 0.16996840026190646, 0.08180295434389485, 0.21999853763366964, 0.24285686638500442, 0.17641710101108588, 0.39497228321355626, 0.42982985250346417, 1.0, 1.0, 1.0, 0.0, 0.0, 0.0, 0.0, 1.0, 2.0, 9.0, 8.0, 2.0]",0.9458676785317214
1633475046,4,14,242.00192378923478,16.701321012708284,21.424996011282506,2.274809093526874,16.061571813969806,23.625985886653204,37.55149479439542,257.9740891353093,0.89712641362664,"[19.0, 552.0, 1.0, 240.0, 222.0, 192.0, 0.11539547971400763, 0.08696992174831557, 0.03830083292997286, 0.18203556819275704, 0.18355773756890528, 0.12045163663446767, 0.1176856847235872, 0.22375355174121167, 0.13276203453045032, 1.0, 0.0, 0.0, 1.0, 1.0, 0.0, 0.0, 0.0, 1.0, 3.0, 2.0, 7.0]",0.9257953366553285
1633476043,14,4,371.43490927714646,34.01541889215558,28.19030078201582,2.059529973805604,19.157368597146487,30.372740037931678,36.683740671304925,367.0047715669343,0.8943138155152897,"[17.0, 468.0, 3.0, 367.0, 271.0, 188.0, 0.13140505874468753, 0.21374956403171658, 0.24296330439149513, 0.11816784857823022, 0.18815068972149465, 0.06894851164829963, 0.20804956218700724, 0.18234882588705315, 0.4383253216686013, 1.0, 0.0, 0.0, 0.0, 0.0, 0.0, 0.0, 0.0, 1.0, 5.0, 6.0, 2.0]",1.1697414561806296
1633476122,15,8,644.7676374134186,141.58606504898754,30.837002873875594,3.826386454577193,23.221102118565465,30.01066872701156,59.16992760362045,539.2195836008456,0.5478379662799927,"[12.0, 467.0, 3.0, 290.0, 318.0, 449.0, 0.12717877787955426, 0.20798479102478243, 0.21367153761713525, 0.04213879506274691, 0.22762954313593858, 0.04878660009711451, 0.3326846097297816, 0.20224703392156723, 0.29495513294524606, 0.0, 1.0, 1.0, 1.0, 0.0, 0.0, 2.0, 1.0, 0.0, 4.0, 3.0, 8.0]",1.2539588991122272
1633476176,16,4,311.01995669908297,14.69358831679517,23.959934054822924,2.5038646338841093,17.05598542723174,26.61466395098727,35.56813694969165,290.9066388939415,0.905307743321873,"[31.0, 534.0, 2.0, 164.0, 345.0, 451.0, 0.019215766899826035, 0.17830246898869684, 0.017581844991176546, 0.0924997309607222, 0.10639050286177675, 0.05644765117076858, 0.217630368551322, 0.2416130287168247, 0.12719369604508757, 0.0, 0.0, 1.0, 0.0, 0.0, 0.0, 2.0, 2.0, 1.0, 0.0, 1.0, 5.0]",1.0116639708894908
1633476231,17,9,280.7449707992435,27.837536454497684,23.268078754681458,3.0969821104296034,16.60413986666802,24.748521780030096,37.48562481153934,275.6974607118743,0.8941776804628524,"[31.0, 571.0, 1.0, 375.0, 107.0, 415.0, 0.13550841695462937, 0.20890650965402915, 0.03238352354886632, 0.20189063968827065, 0.08168746562890866, 0.09425119580301644, 0.16297973077755767, 0.1622260717125864, 0.18851711075501992, 0.0, 0.0, 1.0, 1.0, 1.0, 1.0, 2.0, 0.0, 2.0, 1.0, 5.0, 0.0]",0.9617698248379853
1633476426,18,14,351.5976300098749,41.74602909173114,25.986162841548815,2.825340411181341,18.374110641645903,27.603490987348394,36.29917855517882,337.60794187144523,0.8820630004133618,"[10.0, 591.0, 3.0, 280.0, 459.0, 313.0, 0.1941054399175583, 0.05705958585732205, 0.08091190611469572, 0.05955748346345227, 0.13533214029554402, 0.22251113898489608, 0.18913510006339074, 0.41119677530304954, 0.202140091676441, 1.0, 0.0, 0.0, 0.0, 0.0, 1.0, 1.0, 2.0, 2.0, 3.0, 5.0, 4.0]",1.0973502246019207
1633476521,19,6,281.83343025139516,28.146905122776666,23.476732234660076,2.624696821874311,16.20898551295626,24.306163674439254,36.80443562260422,262.73121135922594,0.9011760506020815,"[30.0, 479.0, 1.0, 208.0, 405.0, 466.0, 0.19276820542186773, 0.2225488029190394, 0.22695336433776112, 0.18008570637117421, 0.12541016930577917, 0.18359476222894575, 0.16778008327659139, 0.27450568237448725, 0.4396281848668525, 0.0, 0.0, 0.0, 1.0, 1.0, 1.0, 2.0, 2.0, 1.0, 3.0, 0.0, 0.0]",0.9499697761219429
1633476628,20,17,558.0264039213972,66.50130767662988,37.4044307066377,3.1446563414175777,22.723495896843218,37.735549260217944,37.210538895528096,516.3572657738506,0.8714057347482392,"[9.0, 510.0, 2.0, 234.0, 476.0, 87.0, 0.20422575993200226, 0.07756813115672842, 0.17422128335518483, 0.029014625513467604, 0.15859369128144754, 0.21003917226960733, 0.47664477744799283, 0.2690152970085746, 0.33180259599052797, 0.0, 1.0, 0.0, 0.0, 0.0, 1.0, 0.0, 1.0, 2.0, 0.0, 5.0, 3.0]",1.3861754673736302
1633476980,21,16,254.44460888130996,25.56444884912321,21.921077579364123,2.5465108614264085,16.407846387665167,23.60501155172101,39.62554452931595,269.21742308121685,0.8842008403115058,"[30.0, 401.0, 4.0, 346.0, 473.0, 359.0, 0.012101285459793845, 0.06434296497717837, 0.1284790397340669, 0.23252058870657738, 0.08007359473098556, 0.09332005287312324, 0.3614155832875846, 0.4174314754640266, 0.10003491776951123, 1.0, 0.0, 1.0, 0.0, 1.0, 1.0, 2.0, 1.0, 2.0, 5.0, 9.0, 4.0]",0.9353271484515715
1633477187,22,4,750.4034665094654,187.08683985338476,33.29506433783245,3.5631748221405415,25.236192686558898,33.14046390253929,69.84089703944632,636.8654213131289,0.5237501478437894,"[9.0, 451.0, 2.0, 313.0, 277.0, 487.0, 0.1265828131070179, 0.18526938617921598, 0.21848495882886962, 0.15679573825860363, 0.07807859659760025, 0.05279877437489329, 0.19402566960275253, 0.420758687484336, 0.10125805267235105, 1.0, 0.0, 0.0, 0.0, 0.0, 1.0, 2.0, 2.0, 1.0, 0.0, 4.0, 9.0]",1.4163375442870147
1633477287,23,16,661.3439711064192,121.64477980979362,40.4859898983282,4.080883016400923,25.193955432932565,43.77017172365317,40.91601267636712,634.7353903565923,0.861818389409537,"[11.0, 423.0, 4.0, 500.0, 100.0, 495.0, 0.0983276119520359, 0.19749650834025906, 0.1300288157761773, 0.02099851157167124, 0.04521012826288919, 0.06079003299426515, 0.24104899922076226, 0.1683211366997554, 0.2562258266127442, 0.0, 0.0, 0.0, 0.0, 0.0, 0.0, 1.0, 1.0, 1.0, 4.0, 3.0, 0.0]",1.5499490775144849
1633477684,24,14,299.36206740047277,51.74149810948808,23.139771844989337,3.0205956607704216,17.09066017467536,24.079433626709235,41.71546092531001,292.0906652062344,0.8681425586212448,"[11.0, 524.0, 4.0, 397.0, 105.0, 202.0, 0.23047603112550444, 0.05123326080989379, 0.1025575755781196, 0.09236065562410847, 0.081784630773271, 0.07186771136474567, 0.15025475277047182, 0.34135774725567436, 0.3349990202685107, 0.0, 1.0, 0.0, 0.0, 0.0, 1.0, 1.0, 1.0, 2.0, 7.0, 9.0, 7.0]",0.9647318940416117
1633477781,25,3,240.77797998173506,16.151763744517062,21.39826127968874,2.3778552288981776,15.995565731228062,23.494843091779526,37.570752710633656,255.85812306203752,0.8973541994257448,"[25.0, 373.0, 1.0, 343.0, 135.0, 375.0, 0.1095274337578405, 0.09830026261480997, 0.18066222329849382, 0.010582930290695814, 0.04141890008053314, 0.18639361990093778, 0.49954093918612774, 0.3402111698015012, 0.49723729017639007, 1.0, 1.0, 1.0, 1.0, 1.0, 1.0, 1.0, 1.0, 0.0, 7.0, 6.0, 6.0]",0.921111697929546
1633477858,26,6,390.2664055569566,17.77409678792996,28.42396389727902,1.8809859631112729,19.877042896973016,32.17369573570546,36.75193676436479,395.0968343281055,0.8925636575944154,"[16.0, 479.0, 2.0, 311.0, 389.0, 259.0, 0.17271856867129243, 0.21266380333375215, 0.16582714182536898, 0.11741669436009823, 0.22889639197686845, 0.14574200152569633, 0.3413209460978213, 0.11237395825285952, 0.29188741300418997, 1.0, 0.0, 0.0, 1.0, 0.0, 0.0, 0.0, 0.0, 1.0, 5.0, 3.0, 3.0]",1.2074756910254805
1633477908,27,16,301.7880049414543,28.759589610382253,23.73445980507718,3.264003662136073,16.27423296699337,24.905762623337978,35.21106973872746,264.8506586639739,0.9084775068758212,"[30.0, 439.0, 0.0, 382.0, 83.0, 428.0, 0.1560810473491416, 0.23708307021849398, 0.18420877325134652, 0.09766327999528623, 0.0747509572322888, 0.18628783057333603, 0.19835639230270385, 0.1890555570548922, 0.2329435395097395, 0.0, 0.0, 1.0, 1.0, 0.0, 0.0, 2.0, 1.0, 2.0, 5.0, 5.0, 5.0]",0.9587741526904757
1633478032,28,6,262.6321525273075,21.22764905275252,22.177881775040618,3.0254046940338117,15.977547138567164,23.28149046852418,37.049697266932995,255.28201256513577,0.897510226382552,"[23.0, 434.0, 1.0, 435.0, 318.0, 149.0, 0.010055149960454894, 0.057614668227088085, 0.22219655921369336, 0.0709817783100834, 0.1181890470301508, 0.05414315580850464, 0.10147975341350413, 0.13689540824318153, 0.3338988222375757, 1.0, 0.0, 1.0, 1.0, 0.0, 0.0, 1.0, 2.0, 0.0, 0.0, 7.0, 5.0]",0.9090379290209617
1633479699,29,15,438.21870404890177,92.27511545916394,26.27767972572417,3.0427974664497284,20.69663258124357,27.282248438865025,54.401911734284035,428.3506002029929,0.7209238941500142,"[21.0, 526.0, 2.0, 309.0, 130.0, 512.0, 0.21916678138820922, 0.06846692432485793, 0.029838057821331414, 0.08108014888936046, 0.24366274165598428, 0.02583633771810949, 0.10991822824460384, 0.31054587222273144, 0.35683146723163794, 0.0, 1.0, 0.0, 1.0, 0.0, 0.0, 1.0, 0.0, 1.0, 6.0, 6.0, 1.0]",1.1126275095541815
1633479890,30,7,264.22617409907593,28.252454457878645,22.33183786221178,2.9347754217256132,16.363649076730912,23.47249007620946,40.785594468452715,267.7690111063965,0.8834212241635764,"[26.0, 504.0, 4.0, 414.0, 73.0, 123.0, 0.12075435816793935, 0.14382290401549927, 0.16300288412052574, 0.146259829519027, 0.07051608704713029, 0.22070580348811167, 0.3861445234747085, 0.47358629083697, 0.38157296132037555, 1.0, 0.0, 0.0, 1.0, 1.0, 0.0, 0.0, 0.0, 2.0, 2.0, 0.0, 4.0]",0.9287364492836425
1633479953,31,5,376.1056935642761,18.816707232246895,28.28664856904905,1.5314135338765968,19.24937663581645,29.95270223815468,37.32461422748361,370.5385008675162,0.8916508065606199,"[24.0, 512.0, 2.0, 364.0, 320.0, 193.0, 0.03490925892347214, 0.04889108166102146, 0.21382410605191535, 0.08347559511242299, 0.24183177519422838, 0.092311002949378, 0.4663443425595395, 0.4452506462675321, 0.30121470648404675, 0.0, 0.0, 1.0, 1.0, 0.0, 0.0, 1.0, 0.0, 0.0, 6.0, 6.0, 3.0]",1.1747719239331857
1633480021,5,12,351.5356869932482,66.24006832106114,24.485196669034213,3.16343323575772,18.535116258794165,25.24418439040322,47.41633465440868,343.55053472701576,0.8108775366788532,"[15.0, 539.0, 2.0, 155.0, 142.0, 275.0, 0.19194916375820484, 0.19350720862758733, 0.09234579825001464, 0.061810374434713135, 0.2243441548576885, 0.14204040432377676, 0.3089834777369143, 0.43148432447445384, 0.3553615691572912, 0.0, 1.0, 0.0, 1.0, 0.0, 1.0, 0.0, 0.0, 2.0, 6.0, 2.0, 0.0]",1.013614867346146
1633480270,6,2,526.9309014498617,121.31068359842675,29.22993961054436,3.259154174543146,22.636071779791912,30.32964666141102,60.33314535022715,512.3917456198917,0.696719353141044,"[15.0, 542.0, 1.0, 507.0, 232.0, 417.0, 0.24456888183310366, 0.011012282793057207, 0.021789448271584425, 0.21272551035296813, 0.15138705470392141, 0.1998710090533642, 0.10540879937629706, 0.47040732329865376, 0.1033125179945647, 1.0, 0.0, 1.0, 1.0, 1.0, 0.0, 2.0, 0.0, 2.0, 4.0, 9.0, 1.0]",1.2738726592570764
1633480394,32,7,311.3622990235488,61.042696378377556,23.54359371344835,3.3465394577538703,17.03760723608928,24.112172646831503,42.259003015217594,290.28006033124177,0.8642437485767155,"[19.0, 463.0, 0.0, 420.0, 203.0, 202.0, 0.24894266069058638, 0.11202013361769614, 0.21902778428733796, 0.19524882482633188, 0.046885172166743073, 0.2305754429779474, 0.32789090754971006, 0.4212589583458023, 0.11393468380582461, 0.0, 1.0, 0.0, 0.0, 0.0, 1.0, 2.0, 1.0, 0.0, 8.0, 6.0, 6.0]",0.9601624688691379
1633480509,33,16,415.00852594614344,125.87754889459772,28.399054915726584,5.552818628392408,16.203106707114035,23.526958618748832,36.32387944160392,262.54066696212385,0.9015360503710634,"[11.0, 362.0, 4.0, 470.0, 78.0, 248.0, 0.035790012011643065, 0.048597891190486464, 0.18673928375057808, 0.12202563229682623, 0.08266506921020675, 0.05969035613235276, 0.3021367271474909, 0.4768589411113108, 0.23235620411567154, 0.0, 0.0, 1.0, 0.0, 1.0, 0.0, 1.0, 0.0, 1.0, 2.0, 0.0, 1.0]",0.9279442848016486
1633480772,34,13,280.9346002949844,42.87127050244514,23.065149959870634,2.6576300908268973,16.126083663649496,23.531302151930827,37.08018243219312,260.0505743270231,0.8925448165875554,"[15.0, 437.0, 0.0, 476.0, 288.0, 392.0, 0.1951801668213909, 0.04423041407580258, 0.1569671033308544, 0.07585080065378724, 0.09272636457027379, 0.043137962854124814, 0.4210388998132837, 0.12343591265168846, 0.24963093711359685, 1.0, 1.0, 1.0, 1.0, 1.0, 0.0, 2.0, 2.0, 1.0, 1.0, 2.0, 4.0]",0.9246779105862342
1633481086,35,1,261.70330685619246,26.80774386088935,22.185430382293102,2.7658809141802654,16.159707783122602,23.426652604617157,39.1322217146897,261.13615563591327,0.8909025774135381,"[27.0, 411.0, 0.0, 385.0, 77.0, 357.0, 0.05490769239524022, 0.038164806142776016, 0.024991805824772263, 0.1327433602492616, 0.030519912781597318, 0.14398756713895788, 0.2780012740505231, 0.30552203846286574, 0.31483460480369696, 1.0, 0.0, 1.0, 0.0, 1.0, 0.0, 0.0, 2.0, 1.0, 4.0, 0.0, 6.0]",0.9246980560647566
1633481291,36,13,243.79752838688373,18.506299590170414,21.50540852148458,2.3450284369831658,15.868956320358777,23.372635448668326,37.65235858421499,251.82377469745475,0.8996306117505152,"[22.0, 441.0, 4.0, 454.0, 115.0, 420.0, 0.020285096138592175, 0.07614345025877792, 0.21068629072636305, 0.2225976356714745, 0.12185653736526134, 0.06889764390413965, 0.2356924308444174, 0.23968120228858347, 0.17054308066600016, 1.0, 1.0, 0.0, 1.0, 0.0, 0.0, 0.0, 2.0, 2.0, 3.0, 7.0, 2.0]",0.9167545463928327
1633481530,7,5,273.6992372859216,29.04072773289306,22.95857590064369,2.7921784899931965,16.1651614612102,23.66797261692887,38.08472048443525,261.31244506699545,0.8941988061798161,"[9.0, 408.0, 4.0, 496.0, 511.0, 428.0, 0.11994866167246206, 0.09281384327970722, 0.06253708880752226, 0.12243032243668603, 0.08122468254578041, 0.1775888125605115, 0.41465963277420737, 0.20560478854916406, 0.39025073561828394, 0.0, 0.0, 1.0, 1.0, 0.0, 0.0, 0.0, 1.0, 0.0, 1.0, 9.0, 7.0]",0.9307176033291689
1633481961,8,13,256.7279690773991,28.502977668085574,22.128497125575194,2.455045460079655,15.768457366982316,23.333094851561174,36.969518815633634,248.64424773433888,0.9008721682059464,"[26.0, 572.0, 1.0, 483.0, 177.0, 72.0, 0.14374321858379935, 0.0133226941204133, 0.13782334710590913, 0.10401941400649449, 0.08303871767116171, 0.15055393694551628, 0.23197883176218548, 0.39020620716123555, 0.46593472454401674, 0.0, 1.0, 1.0, 0.0, 0.0, 1.0, 1.0, 2.0, 1.0, 1.0, 5.0, 3.0]",0.9130283969609777
1633483824,37,1,249.1240498217368,17.54098314884709,21.852997019633097,2.3451252508089397,15.929646761699466,23.463957501330903,38.276999974658175,253.75364595252228,0.8947790407838467,"[13.0, 556.0, 2.0, 348.0, 346.0, 209.0, 0.02161107991654844, 0.23423943537821332, 0.23979872471006705, 0.22259769215359923, 0.24512157419210645, 0.08062666530461413, 0.46139064292259824, 0.17490537964665676, 0.42940290659381375, 0.0, 0.0, 0.0, 1.0, 0.0, 0.0, 1.0, 0.0, 2.0, 1.0, 4.0, 1.0]",0.9188587011994956
1633484151,38,10,333.89991990839184,61.4259054821191,24.123941957678337,3.1829106586130846,18.123600399812236,25.186305042509993,46.40418021930206,328.4648914520743,0.8361645879942378,"[11.0, 589.0, 1.0, 240.0, 99.0, 162.0, 0.18111863292609376, 0.1149852300699197, 0.15423726764308696, 0.10226689590471097, 0.20670819113304856, 0.04123731572924603, 0.36260271698905366, 0.106453777990542, 0.32707259591764093, 1.0, 0.0, 1.0, 0.0, 0.0, 1.0, 0.0, 2.0, 0.0, 1.0, 1.0, 4.0]",1.0132920071171996
1633484307,9,12,841.7347041961228,112.30852312978485,35.45884024755569,2.9682294174537147,28.62528211700052,36.66275594573551,77.00814580254654,819.4067762778698,0.1700791112090353,"[23.0, 448.0, 2.0, 296.0, 387.0, 271.0, 0.03963412652942315, 0.19578064404157686, 0.12114410884535104, 0.1523541137989017, 0.21114968754685895, 0.03819784352191319, 0.3027862339521009, 0.33261029073396153, 0.3997753020911019, 0.0, 1.0, 1.0, 1.0, 1.0, 1.0, 2.0, 0.0, 0.0, 8.0, 4.0, 8.0]",1.611074629261766
1633485649,10,10,262.7813486650757,25.747400151122225,22.201601043869644,2.7522160637844166,16.372859103352695,24.389311321273617,35.58509451648198,268.0705152182392,0.9023653037157282,"[8.0, 565.0, 0.0, 421.0, 257.0, 158.0, 0.08659045038815429, 0.153450428326551, 0.20903430795211345, 0.03433855450636365, 0.18585634619545957, 0.07633561608052612, 0.22781875045495822, 0.40442533731087027, 0.2586893804957897, 0.0, 0.0, 0.0, 1.0, 1.0, 1.0, 1.0, 0.0, 1.0, 1.0, 6.0, 4.0]",0.9488701283346109
1633485781,39,9,352.71702610518423,72.0782634970344,24.44527188416727,3.1081696314930016,18.176121191885173,24.970301891530053,45.97895899384173,330.37138158209723,0.8321767784907375,"[7.0, 585.0, 0.0, 426.0, 495.0, 341.0, 0.1712636828597296, 0.026393062224861888, 0.2465928237299298, 0.20560515776663035, 0.22659923778749308, 0.24628339384168266, 0.3201291669321045, 0.4537965945422324, 0.4787103780744333, 0.0, 1.0, 0.0, 1.0, 0.0, 0.0, 1.0, 0.0, 0.0, 6.0, 5.0, 5.0]",1.0011119420989774
1633485893,40,10,270.80754790280207,22.085992555443646,22.85648916510968,2.2633332342324226,16.15971098568548,24.705194684750733,33.57651470714171,261.1362591408839,0.910697676313442,"[9.0, 428.0, 4.0, 492.0, 89.0, 141.0, 0.10886299876519166, 0.053120013953436615, 0.08385051629370094, 0.0919715356835108, 0.20357597469463426, 0.09995838849093389, 0.4164294462991224, 0.298104748563854, 0.3055642276748056, 1.0, 0.0, 0.0, 1.0, 0.0, 0.0, 2.0, 0.0, 0.0, 8.0, 2.0, 6.0]",0.953960586025212
1633486013,11,11,313.09034670711463,47.64521693318039,24.844121118834597,2.795702398213228,17.116642679094785,25.25736318633375,40.16505335376418,292.97945660380907,0.8846336994161745,"[8.0, 518.0, 2.0, 447.0, 133.0, 160.0, 0.20539285261486934, 0.06549738659718855, 0.13418159713969524, 0.1435278628037707, 0.12045417562439448, 0.2006916182988538, 0.222548854754792, 0.49740724284990556, 0.45496072086467854, 1.0, 0.0, 1.0, 0.0, 0.0, 1.0, 2.0, 0.0, 2.0, 0.0, 6.0, 7.0]",1.0103202073051654
1633486318,41,9,288.7176293959313,54.06639229868444,22.922768150512983,3.0408736340518194,16.513029666868352,23.739267728143904,38.14397497070266,272.6801487788743,0.8839774176614581,"[12.0, 451.0, 3.0, 275.0, 296.0, 113.0, 0.1386780730025757, 0.1784388038645517, 0.16502332065210612, 0.23852609180208126, 0.18308531089375382, 0.18513679498056737, 0.46388949075919816, 0.23382084472044742, 0.12105483386399794, 1.0, 1.0, 0.0, 1.0, 1.0, 0.0, 0.0, 0.0, 2.0, 2.0, 7.0, 0.0]",0.9408908348476882
1633486440,42,7,870.9156421522388,316.91589294418765,36.85247725123519,6.062292852932424,21.966069860444556,34.344062654350246,37.87294697019866,482.50822511393073,0.8639288772775728,"[17.0, 366.0, 3.0, 433.0, 82.0, 398.0, 0.05904208817673644, 0.10110539627561348, 0.1708238418264587, 0.03057123757300958, 0.06898408495841278, 0.11886745262797621, 0.42837658026089953, 0.38055736931928363, 0.31019433233467775, 0.0, 0.0, 1.0, 0.0, 1.0, 1.0, 0.0, 0.0, 2.0, 6.0, 7.0, 6.0]",1.3268231225942877
1633486501,43,9,730.2790946313803,181.63608639042394,33.89044769090216,3.5330754498593984,24.06408919386632,31.548323642179493,60.84352932123902,579.0803887303538,0.6427513636190014,"[19.0, 411.0, 4.0, 419.0, 370.0, 247.0, 0.011843261074678625, 0.1712737086800815, 0.24550874373472012, 0.22643694388791683, 0.11312860095389665, 0.06039646235683041, 0.4853092265907303, 0.2575605758282532, 0.2410826975871656, 1.0, 0.0, 0.0, 1.0, 1.0, 0.0, 0.0, 0.0, 2.0, 3.0, 0.0, 9.0]",1.335811970563998
1633486617,44,6,259.09426475054687,16.892901944199767,22.341381528684792,2.719989674053523,15.885325699374855,23.70734135959712,35.227050550506334,252.3435725752192,0.9057342076674766,"[23.0, 566.0, 4.0, 462.0, 125.0, 469.0, 0.014725722658435966, 0.1754938497100332, 0.061749143714178036, 0.09946662535888147, 0.053092268882365706, 0.1675386484145757, 0.39043761967472923, 0.455870834847271, 0.4133212124704997, 0.0, 1.0, 1.0, 0.0, 0.0, 0.0, 1.0, 1.0, 0.0, 0.0, 2.0, 4.0]",0.9149294361474938
1633486672,45,17,266.00982341772436,21.379422947037277,22.58763710171674,2.3796282601747225,15.977572548613132,23.99464771579774,36.16944815667845,255.2828245461959,0.9026838508387476,"[24.0, 412.0, 2.0, 76.0, 388.0, 338.0, 0.04409232240413068, 0.16510325226893466, 0.10161268814898262, 0.07449232834261177, 0.04483220554019742, 0.11282853222093675, 0.16048510346145062, 0.22080209506881873, 0.21395814540667868, 0.0, 0.0, 1.0, 1.0, 0.0, 1.0, 2.0, 1.0, 2.0, 0.0, 6.0, 8.0]",0.9376852721360005
1633486675,12,10,273.0932595286811,34.61813905026915,22.729373363678775,3.2456179193749857,16.25429171811701,23.77175828925581,37.334659446027594,264.2019992576472,0.8944729596204908,"[12.0, 445.0, 0.0, 425.0, 184.0, 253.0, 0.18403722934328354, 0.16902579728680497, 0.08497032442817751, 0.07127970181268248, 0.23666973297316019, 0.027002716807568133, 0.1830757445622151, 0.17283014213015274, 0.48470441471268644, 1.0, 1.0, 1.0, 0.0, 0.0, 1.0, 0.0, 0.0, 0.0, 9.0, 0.0, 1.0]",0.935241668880234
1633486730,46,2,1540.6317404831698,257.3015248774205,52.265392022278185,4.688567178676725,36.330127078005454,48.592490284183484,86.6564015895192,1319.8781335040248,0.46425588895276415,"[19.0, 394.0, 3.0, 324.0, 344.0, 82.0, 0.11821801227725644, 0.21593936841921468, 0.08362081680897795, 0.19995913997092402, 0.22075780579406057, 0.2362420281844022, 0.31839672559581333, 0.2646822575025103, 0.11020118940504436, 0.0, 0.0, 0.0, 0.0, 1.0, 1.0, 0.0, 0.0, 0.0, 1.0, 1.0, 1.0]",2.151371955764397
1633486813,13,9,246.8447009700533,16.27958790004888,21.806390312402886,2.4600392829974007,16.137213705960225,23.636238453003507,36.843621211449786,260.4096661918305,0.8971736490690279,"[24.0, 548.0, 1.0, 150.0, 340.0, 452.0, 0.06806878108427238, 0.05002515738007265, 0.14644541811711054, 0.09886438953275971, 0.19437357407716432, 0.14687313526632031, 0.14343986670627704, 0.11859900162995066, 0.27337500607989684, 1.0, 0.0, 1.0, 1.0, 1.0, 1.0, 1.0, 0.0, 2.0, 6.0, 4.0, 8.0]",0.9214121087533604
1633486884,47,17,255.08444347234823,16.997909020872534,22.076905664191695,2.4456508425669616,15.962265648212766,23.687193491799906,35.13502135192083,254.79392462411332,0.9039863073652663,"[9.0, 366.0, 0.0, 369.0, 207.0, 412.0, 0.06686659509998107, 0.09854631134045529, 0.07993880888370644, 0.03209485992712311, 0.14874615814131195, 0.2249823105080207, 0.30359098537609297, 0.4476522687282768, 0.25299834199079707, 1.0, 1.0, 1.0, 1.0, 1.0, 0.0, 1.0, 2.0, 2.0, 1.0, 0.0, 5.0]",0.9189543370357321
1633486932,14,2,659.0156302086398,121.94294123890936,31.848561453530525,5.036228630476076,23.794913595098627,31.24792520226339,61.4328431501056,566.1979129982095,0.6056429980642102,"[28.0, 405.0, 1.0, 318.0, 178.0, 477.0, 0.09698520124446915, 0.050182585676679166, 0.04919648708624387, 0.07527275468516866, 0.1645678198389889, 0.038697215872180495, 0.4192125210011328, 0.33838501754966704, 0.2757937708475634, 1.0, 0.0, 1.0, 0.0, 0.0, 1.0, 2.0, 0.0, 1.0, 3.0, 0.0, 9.0]",1.3120799249485238
1633487071,48,3,287.2056021725777,42.81681442162224,22.86009720289809,2.8327901014415278,17.09599007138892,24.07080523784727,42.211267086175624,292.2728765210285,0.8638209706560211,"[26.0, 580.0, 0.0, 267.0, 298.0, 95.0, 0.1375241635209786, 0.04573675115544263, 0.14583073384026563, 0.23402084774749432, 0.027516680802116486, 0.18231667526980294, 0.4872675834825574, 0.4905902629352009, 0.47493772673112444, 0.0, 0.0, 1.0, 1.0, 0.0, 1.0, 2.0, 2.0, 1.0, 8.0, 7.0, 0.0]",0.960325483477964
1633487100,15,1,273.12349118335453,24.644961348606248,22.80861273208221,2.693602393962923,16.066597087333353,24.06851389456698,35.67220961072623,258.1355419667086,0.9032277473297038,"[19.0, 497.0, 0.0, 338.0, 120.0, 496.0, 0.14536979756222443, 0.16202248055821236, 0.0898659730373794, 0.11602901121506447, 0.07334410753541137, 0.1997339102821419, 0.3755191968893308, 0.3975591476024414, 0.26711634901658876, 1.0, 1.0, 1.0, 1.0, 0.0, 1.0, 2.0, 2.0, 1.0, 0.0, 0.0, 6.0]",0.9333910441133898
1633487217,49,2,262.96966431784176,24.683585129516292,22.392990276313554,2.856856622276271,15.994482554479061,23.55811271812498,36.656752540732136,255.82347218553505,0.9004637963368366,"[9.0, 443.0, 4.0, 67.0, 304.0, 401.0, 0.11560688722519225, 0.03176782013004272, 0.1980506079761708, 0.08915624318594788, 0.13124010742905792, 0.010028728934565984, 0.42635582738670863, 0.4491709803815521, 0.35307747449787985, 1.0, 0.0, 1.0, 0.0, 1.0, 0.0, 2.0, 0.0, 1.0, 2.0, 2.0, 8.0]",0.9191512998300911
1633487224,16,7,566.2260655331695,110.48822923865616,29.59780281200824,3.5410457916125413,23.464245257179094,30.821538780176738,61.01213559862138,550.5708054890516,0.6798443484075758,"[16.0, 548.0, 2.0, 244.0, 383.0, 83.0, 0.19729568020193047, 0.08361442243474271, 0.24140118155846835, 0.045242646178095265, 0.1263177723690606, 0.17012973678137125, 0.11529766520854762, 0.19488100292028873, 0.19865782648299915, 0.0, 0.0, 1.0, 1.0, 0.0, 0.0, 2.0, 1.0, 2.0, 9.0, 6.0, 0.0]",1.3064401982050111
1633487479,50,1,238.28729695148778,12.870691314030164,21.177597350521513,2.250890089388754,15.959778603599316,23.614406930901712,36.65284817071536,254.71453307590656,0.9020280147904429,"[9.0, 565.0, 1.0, 260.0, 413.0, 170.0, 0.056093222811150006, 0.1383634438676752, 0.23162864997166632, 0.2158368039377912, 0.09386812685989859, 0.17511184162859145, 0.14335130274517033, 0.20622059886992028, 0.43432998970712366, 0.0, 1.0, 0.0, 1.0, 0.0, 1.0, 1.0, 2.0, 2.0, 2.0, 3.0, 4.0]",0.9197650162460737
1633487699,17,4,852.2988839025484,109.95570464518345,35.665247731965856,3.1388051004230064,28.665116296481436,36.72467144021,77.40969105793594,821.6888922908056,0.17954388546379152,"[28.0, 359.0, 2.0, 144.0, 464.0, 379.0, 0.2183236591111075, 0.06465149832105407, 0.11734804363622882, 0.11910581507693056, 0.10819796766456027, 0.15713643126731086, 0.21057004590766282, 0.4696354638173912, 0.30366624789136043, 1.0, 1.0, 0.0, 1.0, 1.0, 0.0, 2.0, 0.0, 1.0, 7.0, 8.0, 6.0]",1.6150563556481004
1633488412,51,14,514.5142133820633,106.03260730789292,28.814051278609558,3.7999482693123925,22.0927851686592,29.658127646026735,56.02878509113914,488.091156508528,0.7253353341155682,"[17.0, 377.0, 2.0, 123.0, 493.0, 149.0, 0.19532793275488336, 0.1697641928563431, 0.20542850541355775, 0.15953091276547982, 0.11239645698399889, 0.054283209044997255, 0.26327296044384507, 0.25082079067910956, 0.3236913772359431, 0.0, 1.0, 0.0, 0.0, 0.0, 1.0, 0.0, 2.0, 0.0, 6.0, 6.0, 9.0]",1.2343172141956733
1633488812,52,18,270.1934896521795,30.378776262183933,23.06962037785868,2.501022920267239,16.445089077018835,24.61241034146486,37.03553016009104,270.44095475108423,0.8977680115921023,"[28.0, 591.0, 3.0, 480.0, 229.0, 394.0, 0.21651141515391317, 0.05216413164009799, 0.15882286855471717, 0.17041610780636055, 0.11555244751917412, 0.10374981017204048, 0.10436103242272075, 0.29473153855033674, 0.33802246725280705, 0.0, 0.0, 1.0, 1.0, 0.0, 0.0, 0.0, 1.0, 0.0, 3.0, 5.0, 7.0]",0.9755243201173588
1633489421,53,8,340.0092386397912,81.3594332031756,25.05815143550899,4.848174366717904,17.59564712111907,25.15053716270027,41.18319697887605,309.60679761094593,0.872839638853824,"[26.0, 521.0, 3.0, 477.0, 163.0, 225.0, 0.051042759346289525, 0.07730492739203526, 0.07867844315168415, 0.1933270133866684, 0.16928422329108578, 0.13736474746031938, 0.2538772937505521, 0.3296470545349789, 0.3125232124095745, 1.0, 0.0, 1.0, 0.0, 0.0, 0.0, 2.0, 0.0, 2.0, 7.0, 1.0, 7.0]",1.0243904029368527
1633489692,54,15,255.38621621794164,27.371381587838787,21.968236949444094,2.6550867417098845,15.783122591505045,22.966039923293344,37.93687072503843,249.10695873847692,0.8948310590866873,"[26.0, 547.0, 4.0, 323.0, 107.0, 377.0, 0.12335042486918417, 0.17186505171304622, 0.24080532179797093, 0.02592941233447412, 0.0701236457380877, 0.08185215694484625, 0.11853677969731646, 0.3653945392582071, 0.24727897833805687, 1.0, 1.0, 0.0, 0.0, 0.0, 0.0, 1.0, 1.0, 0.0, 0.0, 6.0, 2.0]",0.9006184367607969
1633489786,55,8,274.55416696864364,36.09317389562024,22.575912084824456,2.7126455228813917,16.781703453302466,23.89627672681713,41.29842339859977,281.62557079458395,0.8736001947393117,"[31.0, 558.0, 4.0, 90.0, 244.0, 99.0, 0.06972434058130249, 0.1190564660019955, 0.1304699228725872, 0.1252082994306321, 0.061723341394294806, 0.1505002653270408, 0.1407514485646003, 0.24010177593175844, 0.2231000060959386, 0.0, 1.0, 0.0, 0.0, 0.0, 0.0, 2.0, 2.0, 2.0, 7.0, 0.0, 9.0]",0.9511801341714685
1633489934,56,15,700.5473783959101,229.24583864170276,32.411325770599376,5.700804874577713,22.905022965144934,30.58336911619575,57.81219571789411,524.6400770338167,0.7072909331834166,"[12.0, 578.0, 1.0, 158.0, 479.0, 359.0, 0.19823391228958198, 0.21708150204001164, 0.15488191206505894, 0.10521204521577217, 0.2409051036148904, 0.2201329720470247, 0.4990188309630299, 0.3499338389604427, 0.49343910811882596, 0.0, 1.0, 1.0, 1.0, 1.0, 1.0, 2.0, 1.0, 0.0, 6.0, 6.0, 9.0]",1.2872325982447799
1633491186,57,11,284.2447095797605,42.55455736587293,22.818253244300962,2.8080184828181083,16.995760532889552,23.98884781481486,41.86938818077019,288.85587609132614,0.8657504055126503,"[16.0, 360.0, 2.0, 271.0, 451.0, 125.0, 0.17062511539565914, 0.03285184477770843, 0.14423859034859582, 0.19731247603343052, 0.03994235395397124, 0.1321879461524991, 0.2721119528576502, 0.21948740904262937, 0.18079413020086138, 0.0, 1.0, 0.0, 1.0, 0.0, 1.0, 2.0, 1.0, 2.0, 3.0, 4.0, 1.0]",0.9554595841192891
1633491396,18,7,524.3000125923891,133.83354616040978,29.037320561386963,4.7354529833924754,20.454572437230397,28.413671890656822,47.03657252361213,418.38953358990545,0.8184502258977873,"[14.0, 403.0, 3.0, 202.0, 226.0, 481.0, 0.1452842185791303, 0.036205082990621786, 0.09991946080057638, 0.24537598016189294, 0.17623472204734877, 0.12369067154219884, 0.41046960885363537, 0.45836206203175334, 0.3238229992216851, 1.0, 1.0, 1.0, 0.0, 0.0, 1.0, 0.0, 2.0, 0.0, 8.0, 6.0, 5.0]",1.1805877180322322
1633491758,19,16,320.6931768731636,39.81909994128095,25.502842035034973,3.231499238477321,17.50746786249737,27.04473007603731,36.436309190845776,306.5114309563783,0.8957422001252102,"[10.0, 414.0, 2.0, 70.0, 174.0, 487.0, 0.22008965808432998, 0.07443506250111367, 0.23191433399447864, 0.15656120189473396, 0.20452775376228463, 0.20790574666775122, 0.4285438135763451, 0.32185875027533145, 0.32325815081119524, 0.0, 0.0, 0.0, 1.0, 0.0, 1.0, 0.0, 1.0, 1.0, 1.0, 0.0, 4.0]",1.022566596411044
1633492141,20,15,266.9459638749689,33.67633697095464,22.397663262669095,2.8212354404663276,16.588204346529427,23.756250995349347,40.09686547323333,275.1685234422178,0.8797136846554634,"[17.0, 357.0, 4.0, 426.0, 416.0, 110.0, 0.1676604162962288, 0.15129910255160658, 0.11289477108649244, 0.17847464178694708, 0.08830761905128999, 0.11517016604313278, 0.4126355029163241, 0.2027156922767709, 0.28992576864374775, 1.0, 1.0, 1.0, 0.0, 1.0, 1.0, 2.0, 1.0, 2.0, 4.0, 4.0, 7.0]",0.9452728468468027
1633492468,21,13,569.1209358068893,75.3835719504924,30.040406007396214,3.545125957181984,24.300145242369354,32.00197918479298,62.89107209594168,590.4970588002459,0.6277188578570188,"[15.0, 428.0, 3.0, 224.0, 192.0, 108.0, 0.12188693930264245, 0.19534427309028896, 0.1923543353311436, 0.02445801023105168, 0.13582325199909245, 0.13225139255510326, 0.43010557451596665, 0.21393216603466111, 0.2929153293505198, 0.0, 1.0, 0.0, 0.0, 1.0, 1.0, 0.0, 1.0, 0.0, 9.0, 8.0, 1.0]",1.3585534333877118
1633492553,58,18,844.7993473327265,115.74137776551873,35.3938961313012,3.0411087801816468,28.499304430382665,36.47990261332397,75.55028020365789,812.2103530156289,0.1316510608555882,"[22.0, 500.0, 3.0, 476.0, 310.0, 195.0, 0.061925327501890316, 0.20316905743822647, 0.0948105186651275, 0.11141207333591954, 0.19522268390132402, 0.09539850565569319, 0.33228676823329695, 0.2582145640752257, 0.12378228977222042, 1.0, 1.0, 1.0, 0.0, 1.0, 1.0, 2.0, 1.0, 0.0, 8.0, 0.0, 8.0]",1.5987764332482703
1633492615,59,1,258.3257589488501,16.29657450102281,22.176995635880555,2.472302904588784,16.20331650993917,23.77365305251609,36.31745891892414,262.5474659212673,0.8985648828507727,"[26.0, 448.0, 1.0, 347.0, 238.0, 77.0, 0.05229084377378238, 0.21843369459214265, 0.20484480008344355, 0.05205547446489207, 0.2297966978885523, 0.1155561119343802, 0.32636711363839593, 0.3146177139715297, 0.3328381448973342, 1.0, 0.0, 1.0, 1.0, 1.0, 1.0, 2.0, 0.0, 2.0, 4.0, 7.0, 5.0]",0.9233075950137992
1633492660,22,12,260.7942424480323,15.292239777860889,21.83358692694027,2.22563429052463,16.096603097160795,24.09911730670646,35.22287699710944,259.10063126752647,0.9023818058188345,"[16.0, 384.0, 4.0, 123.0, 445.0, 321.0, 0.016913057639391146, 0.24506373000803547, 0.017441932650470414, 0.03682414752104512, 0.09197121672258395, 0.23714352151632928, 0.4391173840119448, 0.139961143439555, 0.23048526486138188, 1.0, 0.0, 1.0, 1.0, 1.0, 1.0, 2.0, 2.0, 2.0, 5.0, 3.0, 2.0]",0.9403255977327324
1633492789,60,16,511.80190625755426,105.73467907461585,28.840416545822524,3.5784012149351767,22.20294568313139,29.982763704970232,56.779743447814944,492.97079700808285,0.7332051900310861,"[10.0, 398.0, 1.0, 326.0, 483.0, 149.0, 0.19238566149336364, 0.11256870541187153, 0.224648657943222, 0.048690844488156755, 0.24987846267541589, 0.03596150677132847, 0.44988947425772463, 0.3514868197459161, 0.44869915755268297, 0.0, 1.0, 0.0, 0.0, 0.0, 0.0, 2.0, 0.0, 1.0, 3.0, 1.0, 9.0]",1.2541018050946282
1633492912,61,17,240.4327583311474,17.093358826900634,21.352958164716345,2.391605290487998,15.943576338778565,23.479071388731782,37.06331439032978,254.19762647045968,0.8985691245412025,"[22.0, 577.0, 4.0, 354.0, 129.0, 64.0, 0.08539938894563964, 0.12351624817243427, 0.17136387186691887, 0.16044483127110154, 0.062111183734109565, 0.12641339454595654, 0.43506803585680287, 0.17218925256294793, 0.12503635199563456, 1.0, 1.0, 0.0, 1.0, 1.0, 1.0, 1.0, 0.0, 0.0, 7.0, 7.0, 9.0]",0.9174302038926214
1633493115,62,7,244.83650659986336,12.497468175776765,21.722245151039562,2.4696216129896307,15.888026014320756,23.496267356360192,35.42959374371937,252.42937063173306,0.9044128257442395,"[28.0, 405.0, 0.0, 404.0, 414.0, 428.0, 0.03168337715922135, 0.23462316866665867, 0.11924916209354228, 0.03733825013516473, 0.11904848853710251, 0.2183765035258034, 0.41468967626472264, 0.21081074312584153, 0.2789918516059384, 1.0, 1.0, 1.0, 1.0, 0.0, 1.0, 2.0, 0.0, 0.0, 2.0, 6.0, 3.0]",0.9149286144733068
1633493408,63,13,254.6640126717773,25.855087580693752,21.928662853186353,2.646241529054208,15.741265940595822,23.082177066356223,36.458575795894475,247.7874534125621,0.8984068259903617,"[30.0, 497.0, 4.0, 313.0, 491.0, 228.0, 0.08042615980737515, 0.15464330595165318, 0.16714037399561812, 0.15267528402290195, 0.21294445142747542, 0.22734334257366237, 0.3537948582080175, 0.42436365122015984, 0.21109598053126288, 0.0, 1.0, 1.0, 0.0, 1.0, 0.0, 1.0, 1.0, 0.0, 5.0, 2.0, 6.0]",0.8997780519030608
1633493492,64,5,342.13400898135023,46.282929728127684,25.12133092085472,2.597137165332822,18.487483924778324,27.25280493420181,38.17120341788869,341.787061868937,0.8834064055796287,"[16.0, 562.0, 2.0, 346.0, 348.0, 213.0, 0.2116361316704817, 0.02131144415373755, 0.05906697627726862, 0.2482544417687571, 0.21548464567221698, 0.11367835946702289, 0.1588317141604132, 0.17909238576814168, 0.40334890341177665, 0.0, 0.0, 0.0, 0.0, 0.0, 1.0, 0.0, 1.0, 2.0, 4.0, 8.0, 1.0]",1.117684874823428
1633493728,23,9,296.2098032729386,49.36324740086909,23.202155278848902,2.991427483091829,17.098025275317962,24.200016421798747,42.227379034797444,292.34246831541185,0.8667388929533105,"[12.0, 396.0, 4.0, 360.0, 426.0, 410.0, 0.19892265210318363, 0.18555919300552687, 0.055905103614964646, 0.15763673127456515, 0.12751743212948022, 0.1522242446829646, 0.32460513173784206, 0.23940467108132243, 0.20682692782501638, 0.0, 0.0, 1.0, 1.0, 0.0, 1.0, 2.0, 0.0, 2.0, 2.0, 1.0, 2.0]",0.9675958799481029
1633493739,65,11,314.5808805916121,55.62888732597962,23.493115713463027,2.939727788787783,17.737043082526526,24.683323607902466,44.32031015106227,314.6026973114021,0.847689317809316,"[19.0, 579.0, 1.0, 347.0, 501.0, 198.0, 0.13338044983184877, 0.13965700749307133, 0.2097886132897324, 0.17128329275627396, 0.17075463032045063, 0.12028460262121517, 0.14021574056124397, 0.3031625195173999, 0.32756552724328614, 1.0, 1.0, 1.0, 0.0, 1.0, 0.0, 2.0, 2.0, 2.0, 2.0, 8.0, 9.0]",0.9905518158989479
1633494888,66,6,258.5253164155682,22.233938280840295,22.48661649234039,2.427614047404516,16.572483452589196,25.461676354700497,35.426098364512065,274.6472077863427,0.9006140173249991,"[26.0, 570.0, 3.0, 260.0, 140.0, 174.0, 0.12969440140722663, 0.18340832968085422, 0.19565318906560863, 0.13150648150796582, 0.040898132534105736, 0.0195801243305075, 0.33439381115051126, 0.20387977629390142, 0.15476355817277732, 0.0, 0.0, 0.0, 1.0, 1.0, 0.0, 0.0, 0.0, 1.0, 7.0, 4.0, 1.0]",0.9669805537520112
1633495618,24,5,597.2050827836919,167.6220522800049,30.295291401384617,5.072959820073603,21.17412049676511,28.35036882202326,54.45468196858093,448.3433788115283,0.7334290631377336,"[27.0, 417.0, 3.0, 323.0, 436.0, 119.0, 0.21917174049061314, 0.20854109063139362, 0.2293622067289233, 0.10625699457785805, 0.12559454938672426, 0.24857430016167437, 0.4494187795344612, 0.12373711657875122, 0.10070401317116424, 1.0, 1.0, 1.0, 0.0, 0.0, 1.0, 0.0, 2.0, 0.0, 8.0, 6.0, 1.0]",1.1672968325246544
1633496094,67,3,349.6696235407526,30.21691755559599,26.730089313231247,2.075757345810456,18.62612079043263,29.615767278706954,36.29734445005991,346.9323756997867,0.8964910505053295,"[16.0, 593.0, 2.0, 241.0, 457.0, 426.0, 0.16802769205266718, 0.011232541583649018, 0.06981412959278575, 0.20727384271444171, 0.01071607308521263, 0.1377799548772609, 0.22728646562048876, 0.3742982081145695, 0.19799864806927958, 0.0, 1.0, 1.0, 0.0, 0.0, 0.0, 1.0, 0.0, 1.0, 1.0, 0.0, 5.0]",1.1337210879325392
1633496321,25,15,600.5008850320302,115.94763990640948,30.478678080550164,3.207788610496718,24.327422858809705,32.23777968796567,62.55383204479242,591.823502951337,0.6500937768608085,"[23.0, 368.0, 3.0, 355.0, 501.0, 406.0, 0.06627456283821144, 0.12283026394648246, 0.238619287785759, 0.030815714056737144, 0.05203377693855212, 0.11904804415191902, 0.14070907123031495, 0.35229847346491505, 0.2281294482015831, 1.0, 0.0, 1.0, 1.0, 1.0, 0.0, 1.0, 0.0, 1.0, 9.0, 7.0, 6.0]",1.3701862880820213
