1,5,"[3, 3, 3]",5,3,1.1358329606775828,0.09285134601125948,1.008763991921432,0.1,"[0.93627924 0.06721017 0.23655093 0.60212521 0.83811398 0.73709273
 0.96572082 0.85761332 0.0586944 ]","[[0.0007948  0.00808381]
 [0.000335   0.00303095]
 [0.00874968 0.00624303]
 [0.00483769 0.00155349]
 [0.00985677 0.00926759]
 [0.00311191 0.00976748]
 [0.00768303 0.00242031]
 [0.00990677 0.00814818]
 [0.00355414 0.00743126]]",2190.2271585464478,1.0165783956966148,24.091260395572263,19.07919228718171,14.092432740464218,0.798299144781602,364.015578331254,14.081939057889457,365,1
1,5,"[3, 3, 3]",5,3,1.3737779960805039,0.23948198339727353,1.25481465426075,0.1,"[0.96361951 0.34982612 0.91766554 0.81441377 0.04390485 0.13350504
 0.26378003 0.06215909 0.7464768 ]","[[0.00585312 0.00824085]
 [0.00183662 0.00095978]
 [0.00223602 0.00951462]
 [0.00291314 0.00686823]
 [0.00942448 0.0049633 ]
 [0.00019405 0.00142315]
 [0.00365194 0.00174368]
 [0.00908919 0.00078755]
 [0.0042436  0.00549937]]",215.77271461486816,1.2721703711821883,29.06477082423043,23.682392999164406,17.63560534651257,0.5920897317515326,560.8557381668713,17.516707209769997,365,1
1,5,"[3, 3, 3]",5,3,1.042406815373812,0.05926787440865625,0.9584051603940021,0.1,"[0.7851132  0.53613762 0.67833665 0.08407492 0.099785   0.36443613
 0.82064968 0.65867337 0.44928167]","[[0.00910928 0.00305391]
 [0.0045494  0.00183446]
 [0.00741054 0.00168964]
 [0.00044467 0.00705483]
 [0.00113447 0.00895554]
 [0.00491972 0.0032545 ]
 [0.0076847  0.00571489]
 [0.00737388 0.00674233]
 [0.00861432 0.00457156]]",131.2886402606964,0.96179191883746,23.110293991989725,17.464862349273183,13.332949021851872,0.8665442689589379,305.02141687906,13.37895005126855,365,1
1,5,"[3, 3, 3]",5,3,1.0921666911614138,0.08985203085462813,0.9825816249123303,0.1,"[0.34263283 0.15352198 0.61953791 0.7522904  0.2619477  0.19183777
 0.213511   0.20422617 0.57296383]","[[0.00963753 0.00395973]
 [0.00372515 0.00067577]
 [0.00233427 0.00371436]
 [0.00058375 0.00845952]
 [0.00793903 0.00904264]
 [0.00761277 0.00263829]
 [0.0087398  0.00758908]
 [0.00041355 0.0053665 ]
 [0.0062848  0.00637691]]",214.0943160057068,0.9936959406990026,23.664168263427126,18.18533392442115,13.775222125566609,0.8434211818609985,330.70636994270274,13.716443759121715,365,1
1,5,"[3, 3, 3]",5,3,1.2103305087737677,0.1004364452253656,1.0550548961540427,0.1,"[0.74523009 0.93545148 0.8300555  0.18191869 0.46382358 0.61526441
 0.38790555 0.14036133 0.55977834]","[[0.00857774 0.00931407]
 [0.00474216 0.00806948]
 [0.00633396 0.00406974]
 [0.00874559 0.00904265]
 [0.00566199 0.00493688]
 [0.00347083 0.00950767]
 [0.00855406 0.00859907]
 [0.00834233 0.00027232]
 [0.00073217 0.00300915]]",207.5275366306305,1.066412135644857,25.04221510920542,19.9216644973953,14.783258584687623,0.7626155274534374,396.87271634678046,14.728141437790617,365,1
1,5,"[3, 3, 3]",5,3,1.0992559150255612,0.10265110035480203,0.9678573630885986,0.1,"[0.39098555 0.09682835 0.63967255 0.33650917 0.87001347 0.3024719
 0.01269621 0.33622963 0.68647105]","[[1.19512243e-03 2.33510342e-03]
 [1.86636041e-03 9.74576199e-03]
 [5.70222605e-03 2.42733663e-03]
 [7.45289700e-03 9.92058239e-05]
 [5.00389259e-03 2.70592206e-04]
 [4.62665308e-04 3.22890297e-03]
 [2.76718360e-03 2.54238590e-04]
 [5.28760640e-03 6.77445514e-03]
 [7.42984871e-03 9.57747273e-03]]",250.1947739124298,0.9510727134864697,22.82431633832961,17.633759088891946,13.184352827913932,0.8522059939827105,310.94945960507926,13.510898994107594,365,1
1,5,"[3, 3, 3]",5,3,1.2344906830039049,0.11380315210461338,1.080732484483133,0.1,"[0.87118626 0.21987576 0.0776963  0.05520705 0.00485871 0.91444468
 0.52835072 0.43629228 0.02479796]","[[0.00392091 0.00465103]
 [0.00403268 0.00909693]
 [0.00654245 0.00117177]
 [0.00730034 0.00616462]
 [0.00411988 0.00281728]
 [0.00581353 0.00801967]
 [0.00086303 0.00485987]
 [0.00237225 0.00637636]
 [0.00386783 0.00611939]]",613.652637720108,1.0987985432013703,25.763398481041555,20.999907496697297,15.232218814540506,0.6930044927078121,440.99611486984327,15.086590229479828,365,1
1,5,"[3, 3, 3]",5,3,1.1516229453487492,0.17880204119763266,1.0367599261968574,0.1,"[0.95866392 0.1029675  0.3643331  0.2891679  0.60510073 0.18013874
 0.93185849 0.6795603  0.53607509]","[[0.00605441 0.00394542]
 [0.0078563  0.00540037]
 [0.00328782 0.00230551]
 [0.00335789 0.00164197]
 [0.00330655 0.00743693]
 [0.00769161 0.00663211]
 [0.00607826 0.00893681]
 [0.00353348 0.00397925]
 [0.0073991  0.00670462]]",178.1587164402008,1.0539364375888567,25.963972956806774,18.293285867776422,14.6103128123903,0.8774098346995778,334.64430784018856,14.472751025299496,365,1
1,5,"[3, 3, 3]",5,3,1.0221625428871823,0.046050600428002374,0.9673310461918182,0.1,"[0.81210807 0.41322711 0.14520718 0.64416391 0.90335907 0.88447019
 0.99767902 0.51180617 0.62926348]","[[0.00122001 0.00894607]
 [0.00264625 0.00418871]
 [0.00058003 0.0039379 ]
 [0.0019637  0.00864401]
 [0.00947353 0.00729713]
 [0.00423576 0.00131061]
 [0.00774052 0.00175695]
 [0.00179384 0.00594172]
 [0.00856257 0.00301147]]",123.83114361763,0.9183512898355126,22.550044230012325,16.75993026013032,12.73074839964221,0.8864421134474755,280.895262324432,13.503551822197261,365,1
1,5,"[3, 3, 3]",5,3,1.187891961797529,0.11607408218291732,1.0392963236363373,0.1,"[0.78573194 0.92161782 0.54573515 0.65682146 0.27789618 0.91434172
 0.36697322 0.66297915 0.84862555]","[[0.007458   0.00799105]
 [0.00129957 0.00989758]
 [0.00797631 0.00834991]
 [0.0064104  0.00604443]
 [0.00573593 0.00480624]
 [0.00056998 0.00785667]
 [0.00873809 0.00415007]
 [0.00795811 0.00315863]
 [0.00813257 0.00393196]]",574.6883230209351,1.0431860187757394,24.523160038167912,19.43938399997401,14.4612839183109,0.7990609947385023,377.8896502984455,14.508158112046626,365,1
1,5,"[3, 3, 3]",5,3,1.0553711998676703,0.05101516737006839,0.9611489808239844,0.1,"[0.49840263 0.42838178 0.36162227 0.69645803 0.90389768 0.30890902
 0.97193978 0.70720809 0.03877012]","[[0.00787403 0.00235604]
 [0.0057305  0.00781872]
 [0.00838995 0.00283901]
 [0.00539172 0.00245687]
 [0.00254563 0.00400807]
 [0.00542476 0.00019187]
 [0.00704212 0.00395819]
 [0.00604577 0.00400481]
 [0.00807041 0.00844844]]",699.5320844650269,0.9624276671122342,23.060767550388118,17.798417927824403,13.341762154060905,0.8466480069597362,316.7836807335011,13.417252679425614,365,1
1,5,"[3, 3, 3]",5,3,1.0888281403899451,0.07813391139017234,0.962419505774875,0.1,"[0.99841436 0.26953138 0.49844023 0.25832288 0.26797667 0.72260178
 0.79148004 0.11217398 0.0473685 ]","[[0.00811379 0.00939292]
 [0.00567236 0.00610795]
 [0.00273711 0.00606986]
 [0.00188657 0.000873  ]
 [0.0092708  0.00192849]
 [0.00943775 0.00524159]
 [0.00598719 0.00459131]
 [0.00188127 0.00535561]
 [0.00992564 0.00379168]]",218.71517157554626,0.9698803527634717,23.230781898048765,18.113501934148484,13.44507585000456,0.8363850752524734,328.0989523184009,13.434988696049176,365,1
1,5,"[3, 3, 3]",5,3,1.0240857197941262,0.05284066482612469,0.9513153382877654,0.1,"[0.01355059 0.06883801 0.84680567 0.84176983 0.67583005 0.59640397
 0.59695565 0.51756177 0.94484175]","[[0.00574028 0.00823116]
 [0.00399181 0.00153181]
 [0.00119115 0.00029387]
 [0.00433804 0.00241275]
 [0.00852521 0.00434166]
 [0.00940285 0.00100408]
 [0.00027394 0.00878611]
 [0.00344302 0.00016143]
 [0.00580769 0.00401549]]",191.52712535858154,0.9522939862453735,22.80132713189623,17.818833911764617,13.201282859365977,0.8450411436607721,317.51084197505276,13.279978990018497,365,1
1,5,"[3, 3, 3]",5,3,1.1136130601133958,0.09717321984902973,1.0095413045226838,0.1,"[0.80620828 0.15217219 0.24865055 0.29873659 0.16651473 0.28419891
 0.17259211 0.11794354 0.08676164]","[[0.00285545 0.00727334]
 [0.00375047 0.00891489]
 [0.00498802 0.00917855]
 [0.00817958 0.00532325]
 [0.00082599 0.00790039]
 [0.00967802 0.0066674 ]
 [0.00633147 0.00093297]
 [0.00757242 0.0092893 ]
 [0.00692781 0.00091971]]",254.61917090415955,1.0313581654749115,24.56150269319605,18.97524739175429,14.29731896704733,0.8322572169133506,360.06001357827796,14.09279002874827,365,1
1,5,"[3, 3, 3]",5,3,1.1125935646143341,0.17559228451523154,0.9535030905584718,0.1,"[0.68334282 0.73090616 0.21422377 0.26817238 0.69439447 0.77438391
 0.07833746 0.60893454 0.82637028]","[[4.19152044e-03 7.90537801e-03]
 [4.68046790e-03 4.38283265e-03]
 [5.06528069e-03 5.48262995e-03]
 [1.53541650e-03 7.80430615e-04]
 [3.63262823e-03 9.53348732e-03]
 [7.41784233e-03 9.03061658e-03]
 [3.37942942e-03 4.87689963e-03]
 [6.72256025e-03 6.96168423e-03]
 [1.33579879e-08 9.31173093e-03]]",287.6300172805786,0.9564549662234504,23.082737418008318,17.447937301986936,13.258964913916511,0.865459513151988,304.4305160940672,13.31051913062281,365,1
1,5,"[3, 3, 3]",5,3,1.5286819719564821,0.2834725100030741,1.5300694747005725,0.1,"[0.2566402  0.40513528 0.30629495 0.24062959 0.75839066 0.22224292
 0.09612851 0.37370732 0.48892037]","[[0.00753368 0.00054001]
 [0.00956877 0.0076669 ]
 [0.0042371  0.00931808]
 [0.00504477 0.00973626]
 [0.00049957 0.00889184]
 [0.0026335  0.00270686]
 [0.00490218 0.00955926]
 [0.00245732 0.00424756]
 [0.00353217 0.00662521]]",166.47790813446045,1.5451411334549348,34.258639303108,28.767019274080358,21.419693345752286,0.033200368628335086,827.5413979153108,21.35915364705895,365,1
1,5,"[3, 3, 3]",5,3,1.0272799161073338,0.06172006011511062,0.9504311798771672,0.1,"[0.18758824 0.67805163 0.72051473 0.53330859 0.02436454 0.52290234
 0.60959412 0.73068672 0.91339116]","[[0.00037694 0.00563382]
 [0.00518743 0.00098564]
 [0.00546402 0.00639741]
 [0.00272495 0.00807562]
 [0.00076937 0.0020912 ]
 [0.00830337 0.0078023 ]
 [0.00955152 0.00779014]
 [0.00525297 0.00579428]
 [0.00202181 0.00428146]]",239.2024531364441,0.9509617801016809,22.869844978388983,17.64202614729686,13.182815001347455,0.8517088950086062,311.2410865819061,13.267636494692264,365,1
1,5,"[3, 3, 3]",5,3,1.109746185320552,0.12191451083761144,0.9694469891280426,0.1,"[0.92407537 0.51720957 0.87353751 0.85451885 0.916169   0.83580377
 0.34987084 0.67782558 0.64602148]","[[0.001677   0.00229873]
 [0.00754296 0.00503221]
 [0.00407058 0.00103128]
 [0.00086684 0.00119486]
 [0.00300423 0.00740085]
 [0.00844283 0.00989248]
 [0.00713369 0.00557538]
 [0.00961084 0.00431907]
 [0.00900181 0.00703576]]",309.6477665901184,0.9665023450453839,23.127976514910355,17.883635229850164,13.398247836773667,0.8405665391618924,319.824409034338,13.533089533412676,365,1
1,5,"[3, 3, 3]",5,3,1.02895989892094,0.05538476077631876,0.9518389200554594,0.1,"[0.82160944 0.11493321 0.97110996 0.9593464  0.91650479 0.38303055
 0.35878769 0.02555245 0.541009  ]","[[0.00282288 0.00763213]
 [0.00565376 0.00305827]
 [0.00619694 0.00993939]
 [0.00137516 0.0078339 ]
 [0.00909323 0.00713696]
 [0.00026112 0.00423048]
 [0.00451783 0.00127692]
 [0.00146736 0.00705938]
 [0.00530299 0.00466843]]",123.37465643882751,0.9249637569085598,22.55467776878197,16.94090075980207,12.822414470719389,0.8792207773156357,286.9941185534623,13.28728798062833,365,1
1,5,"[3, 3, 3]",5,3,1.1110855284140417,0.14920623924363127,0.9851832107646835,0.1,"[0.26150872 0.72750945 0.60477093 0.1377929  0.40198545 0.73928687
 0.21213476 0.83294125 0.48138537]","[[0.00646312 0.00064484]
 [0.00807282 0.00669566]
 [0.00498251 0.00456163]
 [0.00539117 0.00765414]
 [0.00461236 0.00264237]
 [0.00630256 0.00511926]
 [0.00735031 0.00028254]
 [0.00396563 0.0029753 ]
 [0.00025306 0.00768423]]",290.89879059791565,0.993557557682766,23.874706862325485,17.9494748658973,13.773303775386246,0.861480971652868,322.18364796147887,13.752760849858593,365,1
1,5,"[3, 3, 3]",5,3,1.2935853884158666,0.13383068774627482,1.157698930265405,0.1,"[0.96483294 0.9221275  0.2691831  0.63466413 0.15910424 0.41690629
 0.68214824 0.64151265 0.05180133]","[[0.00133021 0.00951767]
 [0.00165879 0.00664964]
 [0.00736208 0.00346608]
 [0.0037285  0.0005322 ]
 [0.00024212 0.00685792]
 [0.00695469 0.00107366]
 [0.00846898 0.00713871]
 [0.00660269 0.00865623]
 [0.00548564 0.00223009]]",1270.7625908851624,1.1950176312532184,27.558571450657965,22.395993210599062,16.566066781858652,0.6380656844769084,501.5805118891993,16.16101081515506,365,1
1,5,"[3, 3, 3]",5,3,1.0636908105292988,0.07078690976698737,0.9617164184787423,0.1,"[0.75416622 0.67753444 0.0420467  0.02999783 0.83698337 0.14262805
 0.075272   0.20834224 0.7839017 ]","[[0.00203875 0.00914536]
 [0.00715674 0.00926544]
 [0.00065455 0.00772799]
 [0.00199903 0.00310947]
 [0.00470578 0.00463172]
 [0.0008872  0.00326797]
 [0.00241955 0.00206926]
 [0.00920169 0.00327654]
 [0.00928776 0.00592085]]",1491.3473136425018,0.9776461409910011,23.283356454251418,18.227806793476866,13.552729965748535,0.8310924569818965,332.2529405003214,13.42517388055635,365,1
1,5,"[3, 3, 3]",5,3,1.0215926026299365,0.050423171522947514,0.94782005150438,0.1,"[0.58407387 0.44085126 0.77732296 0.61441434 0.12068657 0.87652608
 0.01343055 0.89709099 0.75811893]","[[0.00725149 0.00977662]
 [0.00456498 0.00760418]
 [0.00063889 0.0052722 ]
 [0.00774666 0.0008286 ]
 [0.00529365 0.00351631]
 [0.00469434 0.0028297 ]
 [0.00597751 0.00877028]
 [0.00359454 0.00588959]
 [0.00099518 0.00038994]]",120.70197701454163,0.9244752378452459,22.48550939326227,16.992983077940238,12.81564232007038,0.8770206324803128,288.76147388716333,13.23118619421328,365,1
1,5,"[3, 3, 3]",5,3,1.4649123968286961,0.28807527444353087,1.4987588306486996,0.1,"[0.59441935 0.48399009 0.55482649 0.9561506  0.06358207 0.8449125
 0.91280367 0.3394767  0.54070086]","[[0.00503416 0.00925607]
 [0.00861426 0.00509503]
 [0.00214622 0.00998358]
 [0.00354757 0.00985341]
 [0.00246719 0.0098739 ]
 [0.00102819 0.00280135]
 [0.00613255 0.00205734]
 [0.00116661 0.00885145]
 [0.00787853 0.00090697]]",180.71770334243774,1.4690213239044385,32.77799000270109,28.259709135313724,20.364473895045553,0.2510462406651961,798.611160412534,20.922069666135013,365,1
1,5,"[3, 3, 3]",5,3,1.1388283367517416,0.0756155013124921,1.010060437642378,0.1,"[0.18419477 0.44214038 0.02979376 0.09920063 0.29778543 0.23768012
 0.62104386 0.74009735 0.56391803]","[[0.00710577 0.00093615]
 [0.00383159 0.00377467]
 [0.00531817 0.00460809]
 [0.00080308 0.00250777]
 [0.00646804 0.00595882]
 [0.00930225 0.00201878]
 [0.00632762 0.0025326 ]
 [0.00214743 0.00194495]
 [0.00038231 0.00286048]]",390.71055245399475,1.0229285158195909,24.261266896779183,19.444970483674254,14.1804619973378,0.778834394364425,378.106877110963,14.100036918023672,365,1
1,5,"[3, 3, 3]",5,3,1.1008516925528617,0.07780592177557717,0.9886368272337586,0.1,"[0.70278147 0.87389014 0.59356116 0.98859612 0.17460658 0.06369166
 0.40666303 0.15914456 0.14095591]","[[0.00828564 0.00175972]
 [0.00767378 0.00776895]
 [0.00116285 0.00946373]
 [0.00432744 0.00861469]
 [0.00557467 0.00861503]
 [0.00901015 0.00789523]
 [0.00350284 0.00108189]
 [0.00553096 0.00323738]
 [0.00222588 0.00119492]]",304.6651072502136,0.9975109586787462,23.70923119579921,19.01531257692673,13.82810824287029,0.7997764471059406,361.5821123982278,13.800971944858329,365,1
1,5,"[3, 3, 3]",5,3,1.3744051654524798,0.13754657782809868,1.243133735671334,0.1,"[0.28122629 0.40616844 0.67937693 0.58655051 0.68407059 0.71666999
 0.60355236 0.80780681 0.50833445]","[[0.00415008 0.00328021]
 [0.00947981 0.0026716 ]
 [0.00673252 0.00919097]
 [0.00300295 0.00642401]
 [0.00588976 0.00796242]
 [0.00290826 0.00424237]
 [0.00087592 0.00037923]
 [0.00676226 0.00403917]
 [0.00458311 0.00952469]]",643.5098533630371,1.239761763458396,29.2394495102416,21.618329449249753,17.18633736433529,0.8070861228730598,467.35216817629913,17.3536462906317,365,1
1,5,"[3, 3, 3]",5,3,1.6422742007998148,0.2435023300848878,1.5287482402784724,0.1,"[0.8255953  0.06028961 0.84178182 0.16695894 0.86777004 0.57912211
 0.38695718 0.75061398 0.75171361]","[[0.00794114 0.00943928]
 [0.0075631  0.00629039]
 [0.00350533 0.00175171]
 [0.0044063  0.00636888]
 [0.00610839 0.00164095]
 [0.00676225 0.00335035]
 [0.00923891 0.00123064]
 [0.00283697 0.00992333]
 [0.00901903 0.00687376]]",120.13638353347778,1.5506865491629394,34.347894122930164,28.69070867197717,21.496567296855112,0.19040217762572298,823.1567641002661,21.340709746640023,365,1
1,5,"[3, 3, 3]",5,3,1.116356057930111,0.07114054133390618,0.9852463983022116,0.1,"[0.87424629 0.12367082 0.35916634 0.16181163 0.49720568 0.01664524
 0.2475497  0.54774946 0.93829637]","[[0.00178273 0.00150558]
 [0.00335484 0.00174977]
 [0.00743335 0.00227378]
 [0.00987179 0.00516462]
 [0.00815765 0.00605635]
 [0.00408046 0.00196421]
 [0.00423492 0.00107245]
 [0.00177725 0.00573609]
 [0.0087082  0.00712043]]",313.5890431404114,0.987734598634704,23.50480823100701,18.81006531780129,13.692582348408587,0.8070223577494913,353.8185572599509,13.753642922434354,365,1
1,5,"[3, 3, 3]",5,3,1.0861901086347896,0.07083579910825975,1.0170501726244026,0.1,"[0.6207362  0.63743911 0.50159819 0.08619236 0.89694955 0.28953588
 0.27377122 0.12429452 0.42682963]","[[0.00378927 0.00805841]
 [0.00807187 0.0031532 ]
 [0.00174753 0.00947677]
 [0.00903594 0.00833787]
 [0.00295672 0.00471778]
 [0.00866823 0.00035717]
 [0.00998909 0.00807663]
 [0.00537357 0.00723303]
 [0.00846027 0.0079374 ]]",227.66536116600037,1.0428072031936086,25.054075023728196,18.927341692177073,14.456032544550828,0.8474347777669502,358.24426353242444,14.19761080332878,365,1
1,5,"[3, 3, 3]",5,3,1.048320117144667,0.06426561205566356,0.9732658073008504,0.1,"[0.58130839 0.57300754 0.36740331 0.99921315 0.04025416 0.6563938
 0.64107344 0.3030739  0.98578683]","[[6.37904431e-03 2.08789487e-03]
 [6.72054161e-05 6.57982802e-03]
 [4.65801280e-03 3.01663159e-03]
 [4.08776541e-03 1.41833232e-03]
 [7.51821886e-03 7.58652594e-03]
 [6.63115528e-03 9.68923289e-03]
 [2.28248924e-03 6.88077210e-03]
 [7.82533692e-03 7.60448258e-03]
 [5.85788815e-03 3.41070055e-04]]",119.03829669952393,0.9225505345223517,22.547284263336344,16.75192099250158,12.78896090303648,0.8858915042996547,280.6268569390152,13.586398697115289,365,1
1,5,"[3, 3, 3]",5,3,1.0715246893551724,0.07001163965520296,0.9635243841364217,0.1,"[0.30334545 0.94846711 0.62647068 0.74289986 0.47884192 0.86903845
 0.49901638 0.80007669 0.9037239 ]","[[0.00120022 0.00317707]
 [0.00253632 0.00144077]
 [0.00120928 0.00953346]
 [0.00519635 0.00594335]
 [0.00764736 0.00714695]
 [0.00254615 0.00457649]
 [0.00836019 0.00757251]
 [0.00603014 0.00560528]
 [0.00737864 0.00203607]]",253.1281349658966,0.9751503487372416,23.261238314635797,17.959415963347805,13.518131763957932,0.8436683924136192,322.5406217445519,13.45041235299796,365,1
1,5,"[3, 3, 3]",5,3,1.388753456314886,0.18039364121790166,1.2448975460199496,0.1,"[0.66868576 0.5476353  0.61771457 0.16146572 0.1466623  0.45801466
 0.52000154 0.68328045 0.13838541]","[[0.00343719 0.0099671 ]
 [0.00536888 0.00759463]
 [0.00841102 0.00971971]
 [0.00116964 0.00350872]
 [0.00471338 0.00561673]
 [0.00036527 0.00086208]
 [0.00544717 0.00345654]
 [0.00258138 0.00367607]
 [0.0078854  0.00715903]]",562.3502781391144,1.2918929098573548,29.767362163345496,23.160557526011388,17.90901126476497,0.6457976407399627,536.4114249156828,17.378268372741882,365,1
1,5,"[3, 3, 3]",5,3,1.022426668923089,0.05660339380802796,0.9648222677199513,0.1,"[0.44218551 0.57838834 0.66809751 0.34245402 0.72427827 0.27874776
 0.5567089  0.28652385 0.56047388]","[[0.00584602 0.00729267]
 [0.00232687 0.00425942]
 [0.0097946  0.00332804]
 [0.00919521 0.00104286]
 [0.00538136 0.00229046]
 [0.00268352 0.00773395]
 [0.00752252 0.00118076]
 [0.00808308 0.00802835]
 [0.00891644 0.00728199]]",126.88135194778442,0.9080272393062925,22.224763942328398,16.64190064013424,12.587630084017874,0.8846850714280393,276.9528569161004,13.468530285114754,365,1
1,5,"[3, 3, 3]",5,3,1.0448947264182038,0.04400761291537336,0.9710792463712998,0.1,"[0.1873126  0.60344919 0.00231698 0.06018223 0.36714051 0.01261877
 0.79224405 0.39804138 0.11850823]","[[0.00711818 0.00893303]
 [0.00641033 0.00976538]
 [0.00691712 0.00196282]
 [0.00378251 0.00975276]
 [0.00355218 0.00734581]
 [0.00467424 0.00285377]
 [0.00420191 0.00920108]
 [0.00838075 0.00174101]
 [0.00956667 0.0099595 ]]",1787.3730804920197,0.9764592166397558,23.49772279723281,17.65944390005796,13.536276092974186,0.8666226659097759,311.8559588592942,13.555875187153712,365,1
1,5,"[3, 3, 3]",5,3,1.208397975645924,0.12362084306475997,1.082171636135188,0.1,"[0.83237182 0.14934095 0.16799286 0.59186861 0.0660893  0.83853076
 0.57140333 0.9708855  0.91328938]","[[2.27584721e-03 6.02826517e-03]
 [3.81153098e-03 9.52593088e-03]
 [9.91276113e-04 7.89407510e-03]
 [9.93172337e-03 8.14259797e-05]
 [4.52041959e-04 8.15917719e-03]
 [8.20883267e-03 1.36337433e-04]
 [4.06148560e-03 2.05934999e-03]
 [5.28306677e-03 7.94571281e-03]
 [1.70376594e-03 9.65461962e-03]]",356.67960572242737,1.091139443558827,25.611791142883213,20.116730338001982,15.12604368134668,0.7631734755544886,404.68283949188935,15.106680206938973,365,1
1,5,"[3, 3, 3]",5,3,1.0394386382163756,0.0644298939418385,0.9469012590117618,0.1,"[0.6757911  0.80000424 0.6274134  0.09609655 0.27197715 0.67756885
 0.16900538 0.73021695 0.65060705]","[[0.00087348 0.00499613]
 [0.00853415 0.00841547]
 [0.00444295 0.00159028]
 [0.00197278 0.00877414]
 [0.00933405 0.00312092]
 [0.00247119 0.00601368]
 [0.00224326 0.00935426]
 [0.00128766 0.00405724]
 [0.00109851 0.00482015]]",167.9057719707489,0.9485911210136571,22.827785440751594,17.31990672574981,13.149951472189281,0.8676472197615129,299.9791689886735,13.218360221050567,365,1
1,5,"[3, 3, 3]",5,3,1.1520783221083948,0.13308576296498503,0.9898224053531582,0.1,"[0.67407043 0.19876846 0.11068663 0.57172806 0.0627674  0.72858673
 0.43240185 0.64281372 0.9662141 ]","[[0.00211379 0.00388788]
 [0.00874381 0.00836788]
 [0.00230253 0.0001153 ]
 [0.00963383 0.00800463]
 [0.00031087 0.00473033]
 [0.00621579 0.00633059]
 [0.00315289 0.00802481]
 [0.00634577 0.00052779]
 [0.00952083 0.00136052]]",298.5244448184967,0.9901119682986879,23.52778332545283,18.404178384497186,13.725538903683356,0.8225297879600075,338.7137820083935,13.817522137925742,365,1
1,5,"[3, 3, 3]",5,3,1.0471028968417417,0.0630121867940792,0.9861439330031688,0.1,"[0.59586087 0.12257617 0.60480276 0.24580514 0.66021841 0.79287681
 0.02872602 0.06581445 0.34676316]","[[0.00694291 0.00379597]
 [0.00526305 0.00753281]
 [0.00234898 0.00482418]
 [0.00752334 0.0071268 ]
 [0.00655778 0.00255323]
 [0.00156373 0.00943623]
 [0.00357715 0.00279609]
 [0.00754771 0.0035582 ]
 [0.00384665 0.00937345]]",219.44065141677856,0.9614030550619289,23.472259217668753,17.399609723005774,13.327558353876759,0.8771064073060744,302.7464185129171,13.766172145386836,365,1
1,5,"[3, 3, 3]",5,3,1.0475371508803877,0.05837339588705065,0.9789242861305386,0.1,"[0.75110874 0.11540577 0.40285987 0.84017238 0.94110113 0.88304143
 0.91493622 0.23339427 0.11669732]","[[9.65658839e-03 2.16103042e-03]
 [1.92395240e-03 9.55025949e-05]
 [7.22001912e-03 8.35598673e-03]
 [1.29464363e-03 3.48312898e-03]
 [8.58300635e-03 1.59826865e-03]
 [2.35020160e-03 8.12954571e-03]
 [3.51190200e-03 6.82531350e-03]
 [1.63414285e-03 8.45169020e-04]
 [6.86893560e-03 1.65799913e-04]]",119.59587717056274,0.92469643793561,22.510074357982653,16.991615939119754,12.818708731287494,0.8771395784176973,288.7150122225485,13.665388782683522,365,1
1,5,"[3, 3, 3]",5,3,1.0455990924028102,0.06794456623476902,0.9663607874735072,0.1,"[0.8901162  0.51284165 0.8501273  0.66407965 0.33155008 0.52000904
 0.47099696 0.16548487 0.76391917]","[[0.0086674  0.00642696]
 [0.00142863 0.00437962]
 [0.00400178 0.00724722]
 [0.00819198 0.00033874]
 [0.00199387 0.00685397]
 [0.00341713 0.00238077]
 [0.00090382 0.00517179]
 [0.00944895 0.00295835]
 [0.00705867 0.00639809]]",113.61181664466858,0.9259001126269406,22.56793340719047,16.84047934568509,12.835394807541704,0.8812060373577181,283.6017445924461,13.49000740125137,365,1
1,5,"[3, 3, 3]",5,3,1.216728575820443,0.09285563374416873,1.0833186128546544,0.1,"[0.93535448 0.21399329 0.17343159 0.95009641 0.82024064 0.84060637
 0.7021624  0.19453075 0.77041285]","[[8.32140609e-03 3.37335025e-03]
 [8.27860871e-03 5.63155622e-03]
 [7.64173221e-03 3.00964945e-03]
 [8.19056018e-03 5.85036660e-03]
 [6.80949238e-03 3.17526174e-03]
 [1.88299328e-03 5.39014384e-03]
 [9.30593915e-03 4.55413051e-05]
 [4.65625337e-03 8.36568900e-03]
 [2.70059679e-03 7.91948295e-03]]",337.1869156360626,1.0813888220904357,25.425583220455238,20.193002538963196,14.99087459079477,0.757665682842557,407.7573515385741,15.122691540009635,365,1
1,5,"[3, 3, 3]",5,3,1.262592010772211,0.12871633660525278,1.2387379120395585,0.1,"[0.69411761 0.99969751 0.26419813 0.78343753 0.78522181 0.88303809
 0.61940837 0.16627418 0.25835212]","[[0.00105384 0.0043103 ]
 [0.00065074 0.00128251]
 [0.00547657 0.00248018]
 [0.00385033 0.00011507]
 [0.0002526  0.00933549]
 [0.00477144 0.00215263]
 [0.0073192  0.00692065]
 [0.0013129  0.00703949]
 [0.0024531  0.00918566]]",798.2756114006042,1.237535319379332,29.147772530229823,21.63580132992762,17.155473032014797,0.8024985150383326,468.1078991880978,17.292282363104924,365,1
1,5,"[3, 3, 3]",5,3,1.0541153419214588,0.07275868657470526,0.9570217551866496,0.1,"[0.11136467 0.34574164 0.76296508 0.22544806 0.20633712 0.25800536
 0.28785202 0.38137211 0.07293005]","[[9.18250215e-03 6.08159145e-05]
 [9.88847705e-03 2.18067549e-03]
 [9.17242262e-03 6.12185074e-03]
 [7.12018220e-03 5.47510527e-04]
 [2.59469623e-03 4.88046920e-03]
 [9.73219354e-03 8.29493205e-04]
 [3.24976394e-03 2.57017792e-03]
 [6.45338681e-03 9.53032064e-03]
 [4.87438739e-03 3.30501690e-03]]",208.91840958595276,0.964919677619546,23.133386224154854,17.85290306127514,13.376307930964572,0.8456883361727161,318.7261477152872,13.359638271726142,365,1
1,5,"[3, 3, 3]",5,3,1.0503491100258293,0.05588911038943134,1.0004340907672107,0.1,"[0.85701516 0.90368695 0.10405214 0.68328068 0.59092509 0.30734428
 0.6780942  0.63676236 0.05431455]","[[8.21977341e-03 6.70338803e-04]
 [9.88276859e-03 8.66147265e-03]
 [3.40236211e-03 9.04743563e-03]
 [5.26661481e-04 5.90629126e-03]
 [3.38895973e-03 9.22438909e-03]
 [5.96565375e-05 3.33943740e-03]
 [9.59905062e-03 9.77027756e-03]
 [9.66813429e-03 2.22934065e-05]
 [5.92639913e-03 8.63815938e-03]]",1668.3319590091705,0.9722862873272466,23.54517161334286,17.465392905618604,13.478428389426492,0.8719236803332858,305.0399493476326,13.965656992558637,365,1
1,5,"[3, 3, 3]",5,3,1.034247061948643,0.054974444732582756,0.9664709317683076,0.1,"[0.15520637 0.75028487 0.26580651 0.3059731  0.00885241 0.19598386
 0.76539772 0.93422823 0.60840709]","[[0.00586735 0.00700966]
 [0.0037523  0.00746892]
 [0.00928221 0.00401614]
 [0.00597773 0.00408998]
 [0.00392793 0.00281599]
 [0.00960286 0.00847491]
 [0.00323531 0.00507398]
 [0.00542156 0.00509424]
 [0.00296821 0.00574167]]",119.30683207511902,0.9141628115293895,22.32435509618273,16.8254828552109,12.672685146415697,0.8816101407336187,283.096873310996,13.4915449712473,365,1
1,5,"[3, 3, 3]",5,3,1.0867334959488626,0.05574071108423859,1.0479139420095,0.1,"[0.2319411  0.32166861 0.85011512 0.16023791 0.74681377 0.93518789
 0.73233024 0.44731742 0.19290967]","[[0.00772667 0.00621042]
 [0.0075015  0.00848172]
 [0.00521354 0.00972057]
 [0.00405968 0.00361157]
 [0.00058205 0.00469463]
 [0.00532112 0.00488244]
 [0.00054672 0.00804978]
 [0.00927501 0.00898508]
 [0.00035935 0.00761795]]",247.83325958251953,1.0037228650864336,24.806251639479253,17.7913986032792,13.914221496517005,0.8738679066569136,316.53386426076514,14.628456593878717,365,1
1,5,"[3, 3, 3]",5,3,1.2829544831983732,0.06599870864656818,1.071140259575247,0.1,"[0.68616263 0.71634484 0.50091296 0.03142841 0.07553867 0.99800595
 0.10971446 0.05468503 0.27003053]","[[0.0019815  0.00016322]
 [0.00446476 0.00734507]
 [0.00961759 0.00344549]
 [0.00583418 0.00503624]
 [0.00796194 0.00633286]
 [0.00334848 0.00470706]
 [0.00741134 0.00694136]
 [0.00530099 0.00574468]
 [0.00042637 0.00663203]]",854.9645330905914,1.0891572372436737,25.499794188276777,20.330331850411653,15.098565122592852,0.7511668176867072,413.3223931478625,14.952686632935773,365,1
1,5,"[3, 3, 3]",5,3,1.6671501744514483,0.5328040550918292,1.9077672344622547,0.1,"[0.10544898 0.04884603 0.30863509 0.73361483 0.7563871  0.60449142
 0.46466717 0.04698848 0.76359879]","[[3.15580572e-03 9.16853587e-05]
 [5.92509310e-03 3.06312861e-03]
 [3.36949253e-03 1.61361847e-03]
 [2.95394705e-03 5.12845762e-03]
 [8.21259511e-03 1.24268586e-03]
 [5.00362346e-03 8.74896922e-03]
 [7.98904652e-03 9.47455480e-03]
 [5.24037350e-03 8.44874846e-03]
 [9.32781394e-03 6.77112900e-03]]",183.11997199058533,2.0273070689280046,43.510079437947645,36.811682140622864,28.103773043059864,0.12462319658909815,1355.0999420222524,26.631662259439747,365,1
1,5,"[3, 3, 3]",5,3,1.1018026477601763,0.07910831679041318,1.0171596472877211,0.1,"[0.32992894 0.58373408 0.10869497 0.73704412 0.01049194 0.23509525
 0.68824518 0.03214899 0.74529332]","[[0.00500444 0.00723692]
 [0.00303341 0.00578469]
 [0.00806255 0.00666774]
 [0.00719386 0.0003856 ]
 [0.00114926 0.00948378]
 [0.00276672 0.00986444]
 [0.00938586 0.00219066]
 [0.00302736 0.00632812]
 [0.00160336 0.00221656]]",231.4766926765442,1.0079582645739642,24.856654826768175,18.036010492976942,13.972935199916261,0.882480370339682,325.2976745027744,14.199139025538912,365,1
1,5,"[3, 3, 3]",5,3,1.7715745982774855,0.3624550358315454,1.6727634519593653,0.1,"[0.25238812 0.0909682  0.36781468 0.99679228 0.44506672 0.63443378
 0.4960817  0.89943227 0.23167645]","[[0.00855156 0.00455581]
 [0.00420167 0.00457028]
 [0.00320718 0.00475724]
 [0.00277122 0.00552406]
 [0.00660912 0.00933863]
 [0.00482726 0.00546238]
 [0.00829523 0.00472851]
 [0.00621827 0.0073888 ]
 [0.00220993 0.00612691]]",121.68255281448364,1.7163191981188353,37.015936937316475,31.738064851635876,23.792668586157433,0.06988214273622695,1007.3047605266447,23.35110410105839,365,1
1,5,"[3, 3, 3]",5,3,1.0372143469590007,0.052281788622106445,0.9736380532445416,0.1,"[0.82043013 0.78950175 0.56293042 0.95513342 0.50612532 0.77307035
 0.15597521 0.2668325  0.19482271]","[[1.95033962e-03 7.46462874e-03]
 [3.01306489e-03 1.96036170e-03]
 [8.89550068e-03 7.80213546e-03]
 [1.64676867e-03 8.51480864e-03]
 [2.03641972e-04 3.25931194e-03]
 [5.36542686e-03 3.53877198e-03]
 [1.41409881e-03 8.06358603e-05]
 [6.75439447e-03 8.18601943e-03]
 [1.22327522e-03 6.85355868e-03]]",116.43029522895813,0.9367237754703528,22.84686422531628,16.972394741917405,12.985439055257322,0.8791773573221883,288.0621832754656,13.591595100570988,365,1
1,5,"[3, 3, 3]",5,3,1.0754771960101897,0.07037571906371826,0.9691490389320621,0.1,"[0.65121207 0.05383517 0.30217583 0.75281577 0.57616586 0.07367503
 0.7255347  0.98778293 0.97466007]","[[0.00602536 0.00832535]
 [0.00920703 0.00330746]
 [0.00644634 0.00763986]
 [0.00453052 0.00992772]
 [0.00925112 0.00109176]
 [0.00193931 0.00599496]
 [0.00303472 0.00224085]
 [0.00759957 0.00189548]
 [0.00313046 0.0051583 ]]",2523.402622938156,0.9724887750255662,23.204069901183843,18.08999699112608,13.481235397997025,0.8315136825918265,327.24799113895057,13.528930268673168,365,1
1,5,"[3, 3, 3]",5,3,1.461388965833865,0.17698465103669353,1.2923396354836194,0.1,"[0.75840623 0.96780196 0.70025563 0.58070173 0.89565814 0.20451008
 0.25949104 0.38865047 0.70765399]","[[0.00312958 0.00120927]
 [0.00540478 0.00044753]
 [0.00880836 0.00391269]
 [0.0001565  0.00255451]
 [0.0078335  0.00287905]
 [0.00385687 0.00542622]
 [0.00686253 0.00380758]
 [0.00242125 0.00264082]
 [0.00308467 0.00283345]]",383.99165892601013,1.3605729805224498,30.736646582794364,25.503204674065987,18.861096495530617,0.4361592563006216,650.4134486473012,18.0405408348406,365,1
1,5,"[3, 3, 3]",5,3,1.0330441607254344,0.05330611627419507,0.9632963322747806,0.1,"[0.46236557 0.55740164 0.53148135 0.37647688 0.81361202 0.84831091
 0.68158923 0.40903535 0.54081155]","[[0.00841718 0.00609859]
 [0.00824584 0.00030562]
 [0.00123436 0.0076658 ]
 [0.00513542 0.00929306]
 [0.00069134 0.0022297 ]
 [0.00251131 0.00796804]
 [0.0082423  0.00526186]
 [0.00250057 0.00336605]
 [0.00021836 0.00831993]]",121.7029824256897,0.9127574884748256,22.379084625417484,16.731566584588062,12.653203696968315,0.8845948239071609,279.9453203745038,13.447228840854995,365,1
1,5,"[3, 3, 3]",5,3,1.3208149358675054,0.1067573416761721,1.2414527981862085,0.1,"[0.60815709 0.39922975 0.14978535 0.52932563 0.46694448 0.82489361
 0.22008107 0.06208904 0.25202011]","[[0.00647844 0.00621379]
 [0.00391695 0.00592935]
 [0.00716083 0.00239099]
 [0.00421386 0.00283209]
 [0.00329266 0.00810065]
 [0.00365673 0.00483074]
 [0.00236909 0.00217097]
 [0.00946967 0.00999915]
 [0.009652   0.00873598]]",731.5786352157593,1.232349132609491,28.866725515247783,21.555688106409313,17.08357893260952,0.8050961290924168,464.6476897407959,17.330181080319655,365,1
1,5,"[3, 3, 3]",5,3,1.1183413658936467,0.14542272234226108,0.9638493980123625,0.1,"[0.63127327 0.96749476 0.32148248 0.42227256 0.67167191 0.60019673
 0.34490807 0.32910855 0.69136033]","[[0.00224042 0.00647724]
 [0.00127405 0.00646482]
 [0.00146315 0.00880536]
 [0.00454776 0.00121574]
 [0.00277295 0.00180511]
 [0.00722006 0.00029701]
 [0.00527741 0.00531381]
 [0.00171066 0.0050114 ]
 [0.00738344 0.00318609]]",156.84437084197998,0.9817609031946729,23.559867611180746,17.842315984050515,13.609771321185281,0.8596793460088694,318.34823967470453,13.454949415810093,365,1
1,5,"[3, 3, 3]",5,3,1.150607236353613,0.11190656606066429,0.9908405291584308,0.1,"[0.75846953 0.98007064 0.73311796 0.37652844 0.10983738 0.36652441
 0.25228137 0.21816335 0.43241585]","[[6.25416277e-03 1.29283470e-03]
 [1.72721344e-04 8.53920437e-03]
 [6.15254095e-03 9.83819861e-03]
 [4.08610152e-03 1.70081596e-06]
 [1.83670190e-03 2.37881537e-03]
 [5.96001060e-03 3.11754170e-03]
 [4.87672231e-03 1.93430548e-03]
 [7.20999262e-03 5.89812613e-03]
 [3.63365596e-03 7.91844621e-03]]",275.4669990539551,0.9792788765044865,23.35651056214861,18.237246699747487,13.575363946073281,0.8256190379594689,332.5971671874507,13.831734736208444,365,1
1,5,"[3, 3, 3]",5,3,1.0498860309037736,0.0650491103657885,0.9739698397651754,0.1,"[0.33108602 0.67374098 0.65710002 0.68831805 0.38224473 0.77708899
 0.35118097 0.006537   0.3217037 ]","[[0.00729462 0.00873551]
 [0.00178333 0.00575281]
 [0.00061511 0.00798535]
 [0.00124429 0.00815825]
 [0.00229397 0.00627789]
 [0.00803542 0.00606741]
 [0.00875114 0.00776073]
 [0.00832549 0.00355203]
 [0.00670101 0.00250337]]",111.3927481174469,0.9427773573513019,22.912987364466012,17.10490950128644,13.069357517283764,0.878021886202456,292.5779290471991,13.596226706775424,365,1
